-- phpMyAdmin SQL Dump
-- version 5.2.1
-- https://www.phpmyadmin.net/
--
-- Gép: 127.0.0.1
-- Létrehozás ideje: 2024. Máj 09. 20:41
-- Kiszolgáló verziója: 10.4.32-MariaDB
-- PHP verzió: 8.2.12

SET SQL_MODE = "NO_AUTO_VALUE_ON_ZERO";
START TRANSACTION;
SET time_zone = "+00:00";


/*!40101 SET @OLD_CHARACTER_SET_CLIENT=@@CHARACTER_SET_CLIENT */;
/*!40101 SET @OLD_CHARACTER_SET_RESULTS=@@CHARACTER_SET_RESULTS */;
/*!40101 SET @OLD_COLLATION_CONNECTION=@@COLLATION_CONNECTION */;
/*!40101 SET NAMES utf8mb4 */;

--
-- Adatbázis: `autoberles`
--

-- --------------------------------------------------------

--
-- Tábla szerkezet ehhez a táblához `audi`
--

CREATE TABLE `audi` (
  `id` int(11) NOT NULL,
  `rendszam` varchar(6) NOT NULL,
  `tipus` varchar(100) NOT NULL,
  `evjarat` int(11) DEFAULT NULL,
  `szin` varchar(30) DEFAULT NULL,
  `biztonság` varchar(255) NOT NULL,
  `ülések` varchar(255) NOT NULL,
  `klima` varchar(255) NOT NULL,
  `audio` varchar(255) NOT NULL,
  `belsofelszereltseg` varchar(500) NOT NULL,
  `valto` varchar(255) NOT NULL,
  `vezetesttamogatorendszerek` varchar(500) NOT NULL,
  `motor` varchar(400) NOT NULL,
  `uzemanyag` varchar(255) NOT NULL,
  `kepek` varchar(200) NOT NULL,
  `ar` int(11) NOT NULL
) ENGINE=InnoDB DEFAULT CHARSET=utf8 COLLATE=utf8_hungarian_ci;

--
-- A tábla adatainak kiíratása `audi`
--

INSERT INTO `audi` (`id`, `rendszam`, `tipus`, `evjarat`, `szin`, `biztonság`, `ülések`, `klima`, `audio`, `belsofelszereltseg`, `valto`, `vezetesttamogatorendszerek`, `motor`, `uzemanyag`, `kepek`, `ar`) VALUES
(1, 'Rent01', 'Audi Q8 e-tron', 2024, 'Fehér', 'Légzsákok elöl és hátul\r\nElektronikus menetstabilizáló program (ESP)\r\nFékasszisztens\r\nVészfékezés\r\nSávtartó asszisztens\r\nTáblafelismerés\r\nHolttérfigyelő\r\nÜtközésmegelőző rendszer', 'Sportos kagylóülések elöl, állítható háttámlával és deréktámasztóval.\r\nFűthető és szellőztethető ülések opcionálisan', 'Automatikus klímaberendezés\r\nHátsó klímaberendezés opcionálisan', 'MMI infotainment rendszer 10,1 hüvelykes érintőképernyővel\r\nBang & Olufsen prémium hangrendszer opcionálisan', 'Panoráma napfénytető\r\nElektromosan állítható kormányoszlop\r\nFűthető kormánykerék opcionálisan\r\nLED-es belső világítás\r\nHangulatvilágítás', '\r\nEgy sebességű automatikus váltó', 'Adaptív sebességtartó automatika\r\nParkolóasszisztens\r\n360 fokos kamera', 'Teljesítmény: 598 lóerő\r\nNyomaték: 830 Nm', 'Elektromos', 'https://cdn.nwi-ms.com/media/hu/A/mc/GETBUB24/model/19front.png?F=&P=&M=&size=L&flag=transparent', 0),
(2, 'Rent02', 'Audi Q8 e-tron', 2024, 'Fekete', 'Légzsákok elöl és hátul\r\nElektronikus menetstabilizáló program (ESP)\r\nFékasszisztens\r\nVészfékezés\r\nSávtartó asszisztens\r\nTáblafelismerés\r\nHolttérfigyelő\r\nÜtközésmegelőző rendszer', 'Kényelmes ülések elöl és hátul, állítható háttámlával és deréktámasztóval.\r\nFűthető és szellőztethető ülések opcionálisan', 'Automatikus klímaberendezés\r\nHátsó klímaberendezés opcionálisan', 'MMI infotainment rendszer 10,1 hüvelykes érintőképernyővel\r\nBang & Olufsen prémium hangrendszer opcionális', 'Panoráma napfénytető\r\nElektromosan állítható kormányoszlop\r\nFűthető kormánykerék opcionálisan\r\nLED-es belső világítás\r\nHangulatvilágítás', 'Egysebességű automatikus váltó', 'Adaptív sebességtartó automatika\r\nParkolóasszisztens\r\n360 fokos kamera', 'Teljesítmény: 503 lóerő\r\nNyomaték: 973 Nm', 'Elektromos', 'https://cdn.nwi-ms.com/media/hu/A/mc/GETBUB24/model/19front.png?F=&P=&M=&size=L&flag=transparent', 0),
(3, 'Rent03', 'Audi Q8', 2024, 'Fehér', 'Légzsákok elöl és hátul\r\nElektronikus menetstabilizáló program (ESP)\r\nFékasszisztens\r\nVészfékezés\r\nSávtartó asszisztens\r\nTáblafelismerés\r\nHolttérfigyelő\r\nÜtközésmegelőző rendszer', 'Kényelmes ülések elöl és hátul, állítható háttámlával és deréktámasztóval.\r\nFűthető és szellőztethető ülések opcionálisan', 'Automatikus klímaberendezés\r\nHátsó klímaberendezés opcionálisan', 'MMI infotainment rendszer 10,1 hüvelykes érintőképernyővel\r\nBang & Olufsen prémium hangrendszer opcionálisan', 'Panoráma napfénytető\r\nElektromosan állítható kormányoszlop\r\nFűthető kormánykerék opcionálisan\r\nLED-es belső világítás\r\nHangulatvilágítás', 'Nyolcfokozatú automatikus váltó', 'Adaptív sebességtartó automatika\r\nParkolóasszisztens\r\n360 fokos kamera', '503 lóerős', 'Benzin', 'https://cdn.nwi-ms.com/media/hu/A/mc/4MT0X224/model/19front.png?F=&P=&M=&size=L&flag=transparent', 0),
(4, 'Rent04', 'Audi A8', 2024, 'Fekete', 'Légzsákok elöl és hátul\r\nElektronikus menetstabilizáló program (ESP)\r\nFékasszisztens\r\nVészfékezés\r\nSávtartó asszisztens\r\nTáblafelismerés\r\nHolttérfigyelő\r\nÜtközésmegelőző rendszer', 'Kényelmes ülések elöl és hátul, állítható háttámlával és deréktámasztóval.\r\nFűthető és szellőztethető ülések opcionálisan', 'Automatikus klímaberendezés\r\nHátsó klímaberendezés opcionálisan', 'MMI infotainment rendszer 10,1 hüvelykes érintőképernyővel\r\nBang & Olufsen prémium hangrendszer opcionálisan', 'Panoráma napfénytető\r\nElektromosan állítható kormányoszlop\r\nFűthető kormánykerék opcionálisan\r\nLED-es belső világítás\r\nHangulatvilágítás\r\nHangvezérlés', 'Nyolcfokozatú automatikus váltó', 'Adaptív sebességtartó automatika\r\nParkolóasszisztens\r\n360 fokos kamera', 'Motor: 512 lóerő', 'Elektromos', 'https://cdn.nwi-ms.com/media/hu/A/mc/4NC04A24/model/19front.png?F=&P=&M=&size=L&flag=transparent', 0),
(5, 'Rent05', 'Audi Q4 e-tron', 2024, 'Fekete', 'Légzsákok elöl és hátul\r\nElektronikus menetstabilizáló program (ESP)\r\nFékasszisztens\r\nVészfékezés\r\nSávtartó asszisztens\r\nTáblafelismerés\r\nHolttérfigyelő\r\nÜtközésmegelőző rendszer', 'Kényelmes ülések elöl és hátul, állítható háttámlával és deréktámasztóval.\r\nFűthető és szellőztethető ülések opcionálisan', 'Automatikus klímaberendezés\r\nHátsó klímaberendezés opcionálisan', 'MMI infotainment rendszer 10,1 hüvelykes érintőképernyővel\r\nBang & Olufsen prémium hangrendszer opcionálisan', 'Panoráma napfénytető\r\nElektromosan állítható kormányoszlop\r\nFűthető kormánykerék opcionálisan\r\nLED-es belső világítás\r\nHangulatvilágítás', 'Egy sebességű automatikus váltó', 'Adaptív sebességtartó automatika\r\nParkolóasszisztens\r\n360 fokos kamera', 'Összkerékhajtású, 299 lóerő (220 kW) teljesítmény, 460 Nm nyomaték, 522 km hatótávolság', 'Elektromos', 'https://cdn.nwi-ms.com/media/hu/A/mc/F4NA53BU/model/19front.png?F=&P=&M=&size=L&flag=transparent', 0),
(6, 'Rent06', 'Audi RS6 Avant', 2024, 'Fekete', 'Teljes légzsákrendszer\r\nElektronikus menetstabilizáló program (ESP)\r\nFékasszisztens\r\nVészfékezés\r\nSávtartó asszisztens\r\nTáblafelismerés\r\nHolttérfigyelő\r\nÜtközésmegelőző rendszer', 'Sportos kagylóülések elöl, állítható háttámlával és deréktámasztóval\r\nSzámos kárpitozási lehetőség, beleértve bőrt és alcantarát\r\nFűthető és szellőztethető ülések opcionálisan', 'Automatikus klímaberendezés\r\nHátsó klímaberendezés opcionálisan', 'MMI infotainment rendszer 10,1 hüvelykes érintőképernyővel\r\nBang & Olufsen prémium hangrendszer opcionálisan', 'Panoráma napfénytető\r\nElektromosan állítható kormányoszlop\r\nFűthető kormánykerék opcionálisan\r\nLED-es belső világítás\r\nHangulatvilágítás', 'Nyolcfokozatú automatikus váltó', 'Adaptív sebességtartó automatika\r\nParkolóasszisztens\r\n360 fokos kamera', '4,0 literes biturbó V8-as motor, 600 lóerő feletti teljesítménnyel', 'Benzin', 'https://cdn.nwi-ms.com/media/hu/A/mc/4A5RCA24/model/19front.png?F=&P=&M=&size=L&flag=transparent', 0);

-- --------------------------------------------------------

--
-- Tábla szerkezet ehhez a táblához `autok`
--

CREATE TABLE `autok` (
  `id` int(11) NOT NULL,
  `rendszam` varchar(6) NOT NULL,
  `tipus` varchar(100) NOT NULL,
  `evjarat` int(11) DEFAULT NULL,
  `szin` varchar(30) DEFAULT NULL,
  `biztonság` varchar(255) NOT NULL,
  `ülések` varchar(255) NOT NULL,
  `klima` varchar(255) NOT NULL,
  `audio` varchar(255) NOT NULL,
  `belsofelszereltseg` varchar(500) NOT NULL,
  `valto` varchar(255) NOT NULL,
  `vezetesttamogatorendszerek` varchar(500) NOT NULL,
  `motor` varchar(400) NOT NULL,
  `uzemanyag` varchar(255) NOT NULL,
  `kepek` varchar(1000) NOT NULL,
  `foglalt` tinyint(1) NOT NULL
) ENGINE=InnoDB DEFAULT CHARSET=utf8 COLLATE=utf8_hungarian_ci;

--
-- A tábla adatainak kiíratása `autok`
--

INSERT INTO `autok` (`id`, `rendszam`, `tipus`, `evjarat`, `szin`, `biztonság`, `ülések`, `klima`, `audio`, `belsofelszereltseg`, `valto`, `vezetesttamogatorendszerek`, `motor`, `uzemanyag`, `kepek`, `foglalt`) VALUES
(1, 'Rent01', 'Audi Q8 e-tron', 2024, 'Fehér', 'Légzsákok elöl és hátul\r\nElektronikus menetstabilizáló program (ESP)\r\nFékasszisztens\r\nVészfékezés\r\nSávtartó asszisztens\r\nTáblafelismerés\r\nHolttérfigyelő\r\nÜtközésmegelőző rendszer', 'Sportos kagylóülések elöl, állítható háttámlával és deréktámasztóval.\r\nFűthető és szellőztethető ülések opcionálisan', 'Automatikus klímaberendezés\r\nHátsó klímaberendezés opcionálisan', 'MMI infotainment rendszer 10,1 hüvelykes érintőképernyővel\r\nBang & Olufsen prémium hangrendszer opcionálisan', 'Panoráma napfénytető\r\nElektromosan állítható kormányoszlop\r\nFűthető kormánykerék opcionálisan\r\nLED-es belső világítás\r\nHangulatvilágítás', '\r\nEgy sebességű automatikus váltó', 'Adaptív sebességtartó automatika\r\nParkolóasszisztens\r\n360 fokos kamera', 'Teljesítmény: 598 lóerő\r\nNyomaték: 830 Nm', 'Elektromos', 'https://cdn.nwi-ms.com/media/hu/A/mc/GETBUB24/model/19front.png?F=&P=&M=&size=L&flag=transparent', 0),
(2, 'Rent02', 'Audi Q8 e-tron', 2024, 'Fekete', 'Légzsákok elöl és hátul\r\nElektronikus menetstabilizáló program (ESP)\r\nFékasszisztens\r\nVészfékezés\r\nSávtartó asszisztens\r\nTáblafelismerés\r\nHolttérfigyelő\r\nÜtközésmegelőző rendszer', 'Kényelmes ülések elöl és hátul, állítható háttámlával és deréktámasztóval.\r\nFűthető és szellőztethető ülések opcionálisan', 'Automatikus klímaberendezés\r\nHátsó klímaberendezés opcionálisan', 'MMI infotainment rendszer 10,1 hüvelykes érintőképernyővel\r\nBang & Olufsen prémium hangrendszer opcionális', 'Panoráma napfénytető\r\nElektromosan állítható kormányoszlop\r\nFűthető kormánykerék opcionálisan\r\nLED-es belső világítás\r\nHangulatvilágítás', 'Egysebességű automatikus váltó', 'Adaptív sebességtartó automatika\r\nParkolóasszisztens\r\n360 fokos kamera', 'Teljesítmény: 503 lóerő\r\nNyomaték: 973 Nm', 'Elektromos', 'https://cdn.nwi-ms.com/media/hu/A/mc/GETBUB24/model/19front.png?F=&P=&M=&size=L&flag=transparent', 0),
(3, 'Rent03', 'Audi Q8', 2024, 'Fehér', 'Légzsákok elöl és hátul\r\nElektronikus menetstabilizáló program (ESP)\r\nFékasszisztens\r\nVészfékezés\r\nSávtartó asszisztens\r\nTáblafelismerés\r\nHolttérfigyelő\r\nÜtközésmegelőző rendszer', 'Kényelmes ülések elöl és hátul, állítható háttámlával és deréktámasztóval.\r\nFűthető és szellőztethető ülések opcionálisan', 'Automatikus klímaberendezés\r\nHátsó klímaberendezés opcionálisan', 'MMI infotainment rendszer 10,1 hüvelykes érintőképernyővel\r\nBang & Olufsen prémium hangrendszer opcionálisan', 'Panoráma napfénytető\r\nElektromosan állítható kormányoszlop\r\nFűthető kormánykerék opcionálisan\r\nLED-es belső világítás\r\nHangulatvilágítás', 'Nyolcfokozatú automatikus váltó', 'Adaptív sebességtartó automatika\r\nParkolóasszisztens\r\n360 fokos kamera', '503 lóerős', 'Benzin', 'https://cdn.nwi-ms.com/media/hu/A/mc/4MT0X224/model/19front.png?F=&P=&M=&size=L&flag=transparent', 0),
(4, 'Rent04', 'Audi A8', 2024, 'Fekete', 'Légzsákok elöl és hátul\r\nElektronikus menetstabilizáló program (ESP)\r\nFékasszisztens\r\nVészfékezés\r\nSávtartó asszisztens\r\nTáblafelismerés\r\nHolttérfigyelő\r\nÜtközésmegelőző rendszer', 'Kényelmes ülések elöl és hátul, állítható háttámlával és deréktámasztóval.\r\nFűthető és szellőztethető ülések opcionálisan', 'Automatikus klímaberendezés\r\nHátsó klímaberendezés opcionálisan', 'MMI infotainment rendszer 10,1 hüvelykes érintőképernyővel\r\nBang & Olufsen prémium hangrendszer opcionálisan', 'Panoráma napfénytető\r\nElektromosan állítható kormányoszlop\r\nFűthető kormánykerék opcionálisan\r\nLED-es belső világítás\r\nHangulatvilágítás\r\nHangvezérlés', 'Nyolcfokozatú automatikus váltó', 'Adaptív sebességtartó automatika\r\nParkolóasszisztens\r\n360 fokos kamera', 'Motor: 512 lóerő', 'Elektromos', 'https://cdn.nwi-ms.com/media/hu/A/mc/4NC04A24/model/19front.png?F=&P=&M=&size=L&flag=transparent', 0),
(5, 'Rent05', 'Audi Q4 e-tron', 2024, 'Fekete', 'Légzsákok elöl és hátul\r\nElektronikus menetstabilizáló program (ESP)\r\nFékasszisztens\r\nVészfékezés\r\nSávtartó asszisztens\r\nTáblafelismerés\r\nHolttérfigyelő\r\nÜtközésmegelőző rendszer', 'Kényelmes ülések elöl és hátul, állítható háttámlával és deréktámasztóval.\r\nFűthető és szellőztethető ülések opcionálisan', 'Automatikus klímaberendezés\r\nHátsó klímaberendezés opcionálisan', 'MMI infotainment rendszer 10,1 hüvelykes érintőképernyővel\r\nBang & Olufsen prémium hangrendszer opcionálisan', 'Panoráma napfénytető\r\nElektromosan állítható kormányoszlop\r\nFűthető kormánykerék opcionálisan\r\nLED-es belső világítás\r\nHangulatvilágítás', 'Egy sebességű automatikus váltó', 'Adaptív sebességtartó automatika\r\nParkolóasszisztens\r\n360 fokos kamera', 'Összkerékhajtású, 299 lóerő (220 kW) teljesítmény, 460 Nm nyomaték, 522 km hatótávolság', 'Elektromos', 'https://cdn.nwi-ms.com/media/hu/A/mc/F4NA53BU/model/19front.png?F=&P=&M=&size=L&flag=transparent', 0),
(6, 'Rent06', 'Audi RS6 Avant', 2024, 'Fekete', 'Teljes légzsákrendszer\r\nElektronikus menetstabilizáló program (ESP)\r\nFékasszisztens\r\nVészfékezés\r\nSávtartó asszisztens\r\nTáblafelismerés\r\nHolttérfigyelő\r\nÜtközésmegelőző rendszer', 'Sportos kagylóülések elöl, állítható háttámlával és deréktámasztóval\r\nSzámos kárpitozási lehetőség, beleértve bőrt és alcantarát\r\nFűthető és szellőztethető ülések opcionálisan', 'Automatikus klímaberendezés\r\nHátsó klímaberendezés opcionálisan', 'MMI infotainment rendszer 10,1 hüvelykes érintőképernyővel\r\nBang & Olufsen prémium hangrendszer opcionálisan', 'Panoráma napfénytető\r\nElektromosan állítható kormányoszlop\r\nFűthető kormánykerék opcionálisan\r\nLED-es belső világítás\r\nHangulatvilágítás', 'Nyolcfokozatú automatikus váltó', 'Adaptív sebességtartó automatika\r\nParkolóasszisztens\r\n360 fokos kamera', '4,0 literes biturbó V8-as motor, 600 lóerő feletti teljesítménnyel', 'Benzin', 'https://cdn.nwi-ms.com/media/hu/A/mc/4A5RCA24/model/19front.png?F=&P=&M=&size=L&flag=transparent', 0),
(7, 'Rent01', 'Ford Mustang', 2024, 'Fehér', 'Automatikus vészfékezés gyalogosfelismeréssel\r\nSávtartó asszisztens\r\nHolttérfigyelő\r\nTolatóradar\r\nVészhelyzeti kormányzási rásegítés\r\nAdaptív sebességtartó automatika (opcionális)', 'Elektromos állítású és fűthető első ülések (opcionális)\r\nBőr üléskárpit (opcionális)\r\nVersenyülések nagyobb oldaltartással (opcionális)', 'Automata klímaberendezés\r\nHátsó légkondicionáló (opcionális)\r\nNapfénytető (opcionális)', 'AM/FM rádió\r\nBluetooth kapcsolódás\r\nUSB port\r\nHangvezérlés\r\nPrémium hangrendszer (opcionális)', 'Elektromos ablakemelők\r\nElektromosan állítható és fűthető tükrök\r\nKözponti zár\r\nNavigációs rendszer (opcionális)\r\nDigitális műszerfal (opcionális)\r\nHangulatvilágítás (opcionális)', '\r\n10 sebességes automata sebességváltó', 'Választható vezetési módok (Normal, Sport+, Track)\r\nSzelektálható elektromos szervokormány (Comfort, Normal, Sport)\r\nPerformance Pack (opcionális): nagyobb fékek, Torsen önzáró differenciálmű', '5.0 literes Ti-VCT V8 motor: 480 lóerő és 415 lb-ft nyomaték', 'Benzin', 'https://www.gpas-cache.ford.com/guid/382d2d32-75c8-3e1a-9a83-c1cfd817865e.png', 0),
(8, 'Rent02', 'Ford Puma', 2024, 'Fehér', 'Automatikus vészfékezés\r\nSávtartó asszisztens\r\nHoltérfigyelő\r\nAdaptív sebességtartó automatika\r\nGyalogosfelismerés\r\nVészfékezés hátramenetben\r\nKeréknyomás-figyelő rendszer', 'Első ülések elektromos állítással és fűtéssel\r\nMásodik üléssor lehajtható\r\nBőr üléskárpit (opcionális)\r\nFűthető kormánykerék (opcionális)', 'Automata klímaberendezés\r\nHátsó légkondicionáló\r\nNapfénytető (opcionális)', 'AM/FM rádió\r\nBluetooth kapcsolódás\r\nUSB port\r\nHangvezérlés\r\n8 hangszórós B&O prémium hangrendszer (opcionális)', 'Elektromos ablakemelők\r\nElektromosan állítható és fűthető tükrök\r\nKözponti zár\r\nTolatókamera\r\nNavigációs rendszer (opcionális)\r\n8 colos érintőképernyős infotainment rendszer\r\nApple CarPlay és Android Auto kompatibilitás\r\nHangvezérlés', '7 sebességes automata sebességváltó', 'Intelligens sebességtartó automatika\r\nAktív sávtartás asszisztens\r\nPre-Collision Assist 360° ütközésmegelőző rendszer\r\nHolttérfigyelő\r\nKeresztirányú forgalomfigyelő\r\nParkolási asszisztens', '1.0 literes EcoBoost Hybrid benzinmotor\r\n155 lóerő\r\nMild-hibrid technológia\r\n48 voltos akkumulátor\r\n5,8 l/100 km átlagos üzemanyag-fogyasztás', 'Benzin', 'https://www.gpas-cache.ford.com/guid/e1574ce9-e269-3ada-9cd5-2f6ca104e377.png', 0),
(9, 'Rent03', 'Ford Mustang Mach-E', 2024, 'Fekete', 'Automatikus vészfékezés\r\nSávtartó asszisztens\r\nHolttérfigyelő\r\nAdaptív sebességtartó automatika\r\nGyalogosfelismerés\r\nVészfékezés hátramenetben\r\nKeréknyomás-figyelő rendszer', 'Első ülések elektromos állítással és fűtéssel\r\nMásodik üléssor lehajtható\r\nBőr üléskárpit (opcionális)\r\nFűthető kormánykerék (opcionális)', 'Automata klímaberendezés\r\nHátsó légkondicionáló\r\nNapfénytető (opcionális)', 'AM/FM rádió\r\nBluetooth kapcsolódás\r\nUSB port\r\nHangvezérlés\r\n10 hangszórós B&O prémium hangrendszer (opcionális)', 'Elektromos ablakemelők\r\nElektromosan állítható és fűthető tükrök\r\nKözponti zár\r\nTolatókamera\r\nNavigációs rendszer (opcionális)\r\n15,5 colos érintőképernyős infotainment rendszer\r\nApple CarPlay és Android Auto kompatibilitás\r\nHangvezérlés', 'Ford Mustang Mach-E elektromos hajtáslánccal van felszerelve, nem rendelkezik hagyományos sebességváltóval. A hajtáslánc egy elektromotort és egy akkumulátort tartalmaz, amelyek közvetlenül hajtják a kerekeket.', 'Intelligens sebességtartó automatika\r\nAktív sávtartás asszisztens\r\nPre-Collision Assist 360° ütközésmegelőző rendszer\r\nHolttérfigyelő\r\nKeresztirányú forgalomfigyelő\r\nParkolási asszisztens', 'GT Performance (opcionális): 480 lóerő és 600 lb-ft nyomaték\r\n', 'Teljesen elektromos hajtáslánc.', 'https://www.gpas-cache.ford.com/guid/fa7297d4-57ec-3eed-9447-f4381688cd3d.png', 0),
(10, 'Rent04', 'Ford Explorer', 2024, 'Fehér', 'Automatikus vészfékezés\r\nSávtartó asszisztens\r\nHoltérfigyelő\r\nAdaptív sebességtartó automatika\r\nGyalogosfelismerés\r\nVészfékezés hátramenetben', 'Első ülések elektromos állítással és fűtéssel\r\nMásodik üléssor lehajtható és sínen mozgatható\r\nHarmadik üléssor lehajtható\r\nBőr üléskárpit (opcionális)', 'Automata klímaberendezés\r\nHátsó légkondicionáló\r\nNapfénytető (opcionális)', 'AM/FM rádió\r\nCD-lejátszó (opcionális)\r\nBluetooth kapcsolódás\r\nUSB port\r\nHangvezérlés\r\n12 hangszórós Sony prémium hangrendszer (opcionális)', 'Elektromos ablakemelők\r\nElektromosan állítható és fűthető tükrök\r\nKözponti zár\r\nTolatókamera\r\nNavigációs rendszer (opcionális)\r\n15,5 colos érintőképernyős infotainment rendszer\r\nApple CarPlay és Android Auto kompatibilitás\r\nHangvezérlés', '10 sebességes automata sebességváltó', 'Automatikus vészfékezés\r\nSávtartó asszisztens\r\nHoltérfigyelő\r\nAdaptív sebességtartó automatika\r\nGyalogosfelismerés\r\nVészfékezés hátramenetben\r\nAutomatikus parkolás (opcionális)', '3.3 literes hibrid V6 motor: 318 lóerő és 322 lb-ft nyomaték', 'A benzines motorok 95-ös benzint igényelnek.\r\n', 'https://www.gpas-cache.ford.com/guid/899edeef-5ba1-30b2-81dd-b4a082241bc5.png', 0),
(11, 'Rent05', 'Ford Tourneo', 2024, 'Fehér', 'Automatikus vészfékezés gyalogosfelismeréssel\r\nSávtartó asszisztens\r\nHolttérfigyelő\r\nTolatóradar\r\nAdaptív sebességtartó automatika\r\nVészhelyzeti kormányzási rásegítés', 'Kényelmes ülések akár 9 személy számára\r\nVáltoztatható üléskonfiguráció\r\nBőr üléskárpit (opcionális)', 'Automata klímaberendezés\r\nHátsó légkondicionáló (opcionális)\r\nNapfénytető (opcionális)', 'AM/FM rádió\r\nBluetooth kapcsolódás\r\nUSB port\r\nHangvezérlés\r\nPrémium hangrendszer (opcionális)', 'Elektromos ablakemelők\r\nElektromosan állítható és fűthető tükrök\r\nKözponti zár\r\nNavigációs rendszer (opcionális)\r\nDigitális műszerfal (opcionális)\r\nHangulatvilágítás (opcionális)', '8 sebességes automata sebességváltó (opcionális)', 'Parkolási asszisztens\r\nTolatókamerás parkolási segédlet\r\nSávtartó asszisztens\r\nHoltérfigyelő', 'Plug-in hibrid hajtáslánc (opcionális): 2.5 literes benzinmotor és villanymotor', 'Benzin', 'https://www.gpas-cache.ford.com/guid/f447fee5-17ce-3ac0-b765-9f07131fc269.png', 0),
(12, 'Rent06', 'Ford Tourneo', 2024, 'Fehér', 'Automatikus vészfékezés gyalogosfelismeréssel\r\nSávtartó asszisztens\r\nHolttérfigyelő\r\nTolatóradar\r\nAdaptív sebességtartó automatika\r\nVészhelyzeti kormányzási rásegítés', 'Kényelmes ülések akár 9 személy számára', 'Automata klímaberendezés\r\nHátsó légkondicionáló (opcionális)', 'AM/FM rádió\r\nBluetooth kapcsolódás\r\nUSB port\r\nHangvezérlés\r\nPrémium hangrendszer (opcionális)', 'Elektromos ablakemelők\r\nElektromosan állítható és fűthető tükrök\r\nKözponti zár\r\nNavigációs rendszer (opcionális)\r\nDigitális műszerfal (opcionális)', '6 sebességes manuális sebességváltó', 'Parkolási asszisztens\r\nTolatókamerás parkolási segédlet\r\nSávtartó asszisztens\r\nHolttérfigyelő', '2.0 literes EcoBlue dízelmotor: 130, 150 vagy 170 lóerő', 'Dízel', 'https://www.gpas-cache.ford.com/guid/f44d72c5-d5d0-3867-875a-4e2cf39f5172.png', 0),
(13, 'Rent01', 'Kia Proceed GT', 2024, 'Fekete', 'Vészfékezés\r\nSávtartó asszisztens\r\nHolttérfigyelő\r\nKeresztirányú forgalomfigyelő\r\nVárosi vészfékezés\r\nFényszóró-automatika\r\nGyalogosfelismerés', 'Állítható háttámlával és deréktámasztóval. Fűthető és szellőztethető ülése', 'Automatikus klímaberendezés\r\nHátsó klímaberendezés opcionálisan', 'MMI infotainment rendszer 10,1 hüvelykes érintőképernyővel\r\nBang & Olufsen prémium hangrendszer opcionálisan', 'Panoráma napfénytetővel, elektromosan állítható kormányoszloppal, fűthető kormánykerékkel, LED-es belső világítással és hangulatvilágítással', 'Hétfokozatú duplakuplungos sebességváltóval', 'Adaptív sebességtartó automatikával, parkolóasszisztenssel és 360 fokos kamerával', 'Teljesítmény: 201 lóerő \r\n', 'Benzin', 'https://www.kia.com/content/dam/kwcms/kme/global/en/assets/gnb/kia-proceed-gt-my22-range-v1-520x260.png', 0),
(14, 'Rent02', 'Kia Sorento', 2024, 'Zöld', 'Légzsákok elöl és hátul\r\nElektronikus menetstabilizáló program (ESP)\r\nFékasszisztens\r\nVészfékezés\r\nSávtartó asszisztens\r\nTáblafelismerés\r\nHolttérfigyelő\r\nÜtközésmegelőző rendszer\r\nSávelváltás asszisztens\r\nKeresztirányú forgalomfigyelő\r\nGyalogosfelismerés\r', 'Kényelmes ülések elöl és hátul, állítható háttámlával és deréktámasztóval\r\nSzámos kárpitozási lehetőség, beleértve bőrt és alcantarát\r\nFűthető és szellőztethető ülések opcionálisan\r\nA 3. sor opcionálisan 7 üléses konfigurációt biztosít', 'Automatikus klímaberendezés\r\nHátsó klímaberendezés opcionálisan', 'MMI infotainment rendszer 10,25 hüvelykes érintőképernyővel\r\nApple CarPlay és Android Auto kompatibilitás\r\nPrémium hangrendszer opcionálisan', 'Panoráma napfénytető\r\nElektromosan állítható kormányoszlop\r\nFűthető kormánykerék opcionálisan\r\nLED-es belső világítás\r\nHangulatvilágítás', 'Nyolcfokozatú automatikus váltóó', 'Adaptív sebességtartó automatika\r\nParkolóasszisztens\r\n360 fokos kamera\r\nVakfoltfigyelő\r\nSávelváltás asszisztens\r\nKeresztirányú forgalomfigyelő', '3.5 literes V6, 277 lóerővel.', 'Benzin', 'https://www.kia.com/content/dam/kwcms/kme/global/en/assets/gnb/kia-sorento-ice-my25-v1-520x260.png', 0),
(15, 'Rent03', 'Kia Sportage GT-Line', 2024, 'Zöld', 'Légzsákok elöl és hátul\r\nElektronikus menetstabilizáló program (ESP)\r\nFékasszisztens\r\nVészfékezés\r\nSávtartó asszisztens\r\nTáblafelismerés\r\nHolttérfigyelő\r\nÜtközésmegelőző rendszer\r\nSávelváltás asszisztens\r\nKeresztirányú forgalomfigyelő\r\nGyalogosfelismerés', 'Kényelmes ülések elöl és hátul, állítható háttámlával és deréktámasztóval.\r\nFűthető és szellőztethető ülések opcionálisan', 'Automatikus klímaberendezés\r\nHátsó klímaberendezés opcionálisan', 'MMI infotainment rendszer 10,25 hüvelykes érintőképernyővel\r\nApple CarPlay és Android Auto kompatibilitás\r\nPrémium hangrendszer opcionálisan', 'Panoráma napfénytető\r\nElektromosan állítható kormányoszlop\r\nFűthető kormánykerék opcionálisan\r\nLED-es belső világítás\r\nHangulatvilágítás', 'Nyolcfokozatú automatikus váltó', 'Adaptív sebességtartó automatika\r\nParkolóasszisztens\r\n360 fokos kamera\r\nVakfoltfigyelő\r\nSávelváltás asszisztens\r\nKeresztirányú forgalomfigyelő', '2,5 literes turbófeltöltős négy hengeres motor, 281 lóerővel', 'Benzin', 'https://www.kia.com/content/dam/kwcms/kme/global/en/assets/gnb/kia-sportage-hev-gtl-my22-range-v1-520x260.png', 0),
(16, 'Rent04', 'Kia EV6 GT', 2024, 'Piros', 'Légzsákok elöl és hátul\r\nElektronikus menetstabilizáló program (ESP)\r\nFékasszisztens\r\nVészfékezés\r\nSávtartó asszisztens\r\nTáblafelismerés\r\nHolttérfigyelő\r\nÜtközésmegelőző rendszer\r\nSávelváltás asszisztens\r\nKeresztirányú forgalomfigyelő\r\nGyalogosfelismerés', 'Kényelmes ülések elöl és hátul, állítható háttámlával és deréktámasztóval.\r\nFűthető és szellőztethető ülések opcionálisan', 'Automatikus klímaberendezés\r\nHátsó klímaberendezés opcionálisan', 'MMI infotainment rendszer 12,3 hüvelykes érintőképernyővel\r\nApple CarPlay és Android Auto kompatibilitás\r\nMeridian prémium hangrendszer opcionálisan', 'Panoráma napfénytető\r\nElektromosan állítható kormányoszlop\r\nFűthető kormánykerék opcionálisan\r\nLED-es belső világítás\r\nHangulatvilágítás\r\nHangvezérlés', 'Egysebességű automatikus váltó', 'Adaptív sebességtartó automatika\r\nParkolóasszisztens\r\n360 fokos kamera\r\nVakfoltfigyelő\r\nSávelváltás asszisztens\r\nKeresztirányú forgalomfigyelő', 'Összkerékhajtású: 350 kW (476 lóerő), 740 Nm nyomaték', 'Benzin', 'https://www.kia.com/content/dam/kwcms/kme/nl/nl/assets/gnb/kia-ev6-GT-explore-520x260.png', 0),
(17, 'Rent05', 'Kia Stonic', 2024, 'Sárga', 'Légzsákok elöl és hátul\r\nElektronikus menetstabilizáló program (ESP)\r\nFékasszisztens\r\nVészfékezés\r\nSávtartó asszisztens\r\nTáblafelismerés\r\nHolttérfigyelő\r\nÜtközésmegelőző rendszer\r\nSávelváltás asszisztens\r\nKeresztirányú forgalomfigyelő\r\nGyalogosfelismerés', 'Kényelmes ülések elöl és hátul, állítható háttámlával és deréktámasztóval.\r\nFűthető és szellőztethető ülések opcionálisan', 'Automatikus klímaberendezés\r\nHátsó klímaberendezés opcionálisan', 'UVO infotainment rendszer 8 hüvelykes érintőképernyővel\r\nApple CarPlay és Android Auto kompatibilitás\r\n6 hangszórós hangrendszer', 'Panoráma napfénytető\r\nElektromosan állítható kormányoszlop\r\nFűthető kormánykerék opcionálisan\r\nLED-es belső világítás\r\nHangulatvilágítás', 'Hétfokozatú duplakuplungos automata váltó', 'Adaptív sebességtartó automatika\r\nParkolóasszisztens\r\n360 fokos kamera', '1,4 literes turbófeltöltős négy hengeres motor, 140 lóerővel', 'Benzin', 'https://www.kia.com/content/dam/kwcms/kme/global/en/assets/gnb/kia-stonic-gls-my22-range-v1-520x260.png', 0),
(18, 'Rent06', 'Kia XCeed GT', 2024, 'Fekete', 'Légzsákok elöl és hátul\r\nElektronikus menetstabilizáló program (ESP)\r\nFékasszisztens\r\nVészfékezés\r\nSávtartó asszisztens\r\nTáblafelismerés\r\nHolttérfigyelő\r\nÜtközésmegelőző rendszer\r\nSávelváltás asszisztens\r\nKeresztirányú forgalomfigyelő\r\nGyalogosfelismerés', 'Sportos kagylóülések elöl, állítható háttámlával és deréktámasztóval\r\nSzámos kárpitozási lehetőség, beleértve bőrt és alcantarát\r\nFűthető és szellőztethető ülések opcionálisan', 'Automatikus klímaberendezés\r\nHátsó klímaberendezés opcionálisan', 'UVO infotainment rendszer 10,25 hüvelykes érintőképernyővel\r\nApple CarPlay és Android Auto kompatibilitás\r\n8 hangszórós hangrendszer\r\nHarman Kardon prémium hangrendszer opcionálisan', 'Panoráma napfénytető\r\nElektromosan állítható kormányoszlop\r\nFűthető kormánykerék opcionálisan\r\nLED-es belső világítás\r\nHangulatvilágítás', 'Hétfokozatú duplakuplungos automata váltó', 'Adaptív sebességtartó automatika\r\nParkolóasszisztens\r\n360 fokos kamera', '1,5 literes turbófeltöltős négyhengeres motor, 204 lóerővel', 'Benzin', 'https://www.kia.com/content/dam/kwcms/kme/global/en/assets/gnb/kia-xceed-gtl-my23-range-v1-520x260.png', 0),
(19, 'Rent01', 'Mercedes-Benz GLE', 2024, 'Fekete', 'Vészfékezés\r\nSávtartó asszisztens\r\nHolttérfigyelő\r\nKeresztirányú forgalomfigyelő\r\nVárosi vészfékezés\r\nFényszóró-automatika\r\nGyalogosfelismerés', 'Kényelmes ülések elöl és hátul, állítható háttámlával és deréktámasztóval\r\nSzámos kárpitozási lehetőség, beleértve a bőrt és a nappabőrt\r\nFűthető és szellőztethető ülések elérhetőek elöl és hátul\r\nMasszázsfunkció opcionálisan', 'Automatikus klímaberendezés\r\nHátsó klímaberendezés alapfelszereltség', 'MBUX infotainment rendszer 12,3 hüvelykes érintőképernyővel\r\nApple CarPlay és Android Auto kompatibilitás\r\nBurmester 3D térhatású hangrendszer alapfelszereltség', 'Panoráma napfénytetővel, elektromosan állítható kormányoszloppal, fűthető kormánykerékkel, LED-es belső világítással és hangulatvilágítással', '9G-TRONIC kilencsebességes automata váltó', 'Adaptív sebességtartó automatika\r\nParkolóasszisztens\r\n360 fokos kamera\r\nAktív sávtartó asszisztens\r\nVakfoltfigyelő\r\nKeresztirányú forgalomfigyelő', '4,0 literes V8, 450 lóerővel.', 'Benzin', 'https://assets.oneweb.mercedes-benz.com/iris/iris.png?COSY-EU-100-1713d0VXq0WFqtyO67PobzIr3eWsrrCsdRRzwQZQ9vZbMw3SGtGyWtsd2HdcUfp8qXGEubSJ0l3IJOB2NMcbApjtwI5uVK%25QC31CrkzNBTnm7jA7mhKV5ph%25vqCycyLRgcDYaxPXSrH1eHrn8wsocoiZUMNM4FGTfTg9ozZ6PDMcoSeWzKStsd7vNcUfi%25fXGE4GjJ0lgIVOB2PS5bApeIoI5usKxQC3UvWkzNpTnm7ja7vhKVHtc%25YhQDd9cuXGEibBJ0l8HqOB2GBFbAp0iyI5uBfuQC3zMrkzN7T6m7jK7IhKVvsQ%25vGdeNQnF1WydGBUaq7qtyRV3HHwEnlxbRlYO2EW5WtVt4jU0i3gjaZHlkRl&imgt=P27&bkgnd=9&pov=BE040&uni=cs&im=Crop,rect=(0,0,1450,750),gravity=Center;Resize,width=650', 0),
(20, 'Rent02', 'Mercedes-Benz GLE', 2024, 'Fekete', 'Légzsákok elöl és hátul\r\nElektronikus menetstabilizáló program (ESP)\r\nFékasszisztens\r\nVészfékezés\r\nSávtartó asszisztens\r\nTáblafelismerés\r\nHolttérfigyelő\r\nÜtközésmegelőző rendszer\r\nSávelváltás asszisztens\r\nKeresztirányú forgalomfigyelő\r\nGyalogosfelismerés\r', 'Kényelmes ülések elöl és hátul, állítható háttámlával és deréktámasztóval\r\nSzámos kárpitozási lehetőség, beleértve a bőrt és a nappabőrt\r\nFűthető és szellőztethető ülések elérhetőek elöl és hátul\r\nMasszázsfunkció opcionálisan', 'Automatikus klímaberendezés\r\nHátsó klímaberendezés opcionálisan', 'MBUX infotainment rendszer 12,3 hüvelykes érintőképernyővel\r\nApple CarPlay és Android Auto kompatibilitás\r\nBurmester 3D térhatású hangrendszer alapfelszereltség', 'Panoráma napfénytető\r\nElektromosan állítható kormányoszlop\r\nFűthető kormánykerék opcionálisan\r\nLED-es belső világítás\r\nHangulatvilágítás', '9G-TRONIC kilencsebességes automata váltó', 'Adaptív sebességtartó automatika\r\nParkolóasszisztens\r\n360 fokos kamera\r\nAktív sávtartó asszisztens\r\nVakfoltfigyelő\r\nKeresztirányú forgalomfigyelő', ' 4,0 literes V8, 450 lóerővel.', 'Benzin', 'https://assets.oneweb.mercedes-benz.com/iris/iris.png?COSY-EU-100-1713d0VXq0WFqtyO67PobzIr3eWsrrCsdRRzwQZQ9vZbMw3SGtGyWtsd2HdcUfp8qXGEubSJ0l3IJOB2NMcbApjtwI5uVK%25QC31CrkzNBTnm7jA7mhKV5ph%25vqCycyLRgcDYaxPXSrH1eHrn8wsocoiZUMNM4FGTfTg9ozZ6PDMcoSeWzKStsd7vNcUfi%25fXGE4GjJ0lgIVOB2PS5bApeIoI5usKxQC3UvWkzNpTnm7ja7vhKVHtc%25YhQDd9cuXGEibBJ0l8HqOB2GBFbAp0iyI5uBfuQC3zMrkzN7T6m7jK7IhKVvsQ%25vGdeNQnF1WydGBUaq7qtyRV3HHwEnlxbRlYO2EW5WtVt4jU0i3gjaZHlkRl&imgt=P27&bkgnd=9&pov=BE040&uni=cs&im=Crop,rect=(0,0,1450,750),gravity=Center;Resize,width=650', 0),
(21, 'Rent03', 'Mercedes-AMG GT', 2024, 'Barna', 'Légzsákok elöl és hátul\r\nElektronikus menetstabilizáló program (ESP)\r\nFékasszisztens\r\nVészfékezés\r\nSávtartó asszisztens\r\nTáblafelismerés\r\nHolttérfigyelő\r\nÜtközésmegelőző rendszer\r\nSávelváltás asszisztens\r\nKeresztirányú forgalomfigyelő\r\nGyalogosfelismerés', 'Kényelmes sportülések elöl és hátul, állítható háttámlával és deréktámasztóval\r\nSzámos kárpitozási lehetőség, beleértve a bőrt és a nappabőrt\r\nFűthető és szellőztethető ülések elérhetőek elöl\r\nMasszázsfunkció opcionálisan', 'Automatikus klímaberendezés\r\nHátsó klímaberendezés opcionálisan', 'MBUX infotainment rendszer 12,3 hüvelykes érintőképernyővel\r\nApple CarPlay és Android Auto kompatibilitás\r\nBurmester 3D térhatású hangrendszer alapfelszereltség', 'Adaptív sebességtartó automatika\r\nParkolóasszisztens\r\n360 fokos kamera\r\nAktív sávtartó asszisztens\r\nVakfoltfigyelő\r\nKeresztirányú forgalomfigyelő', '9G-TRONIC kilencsebességes automata váltó', 'Adaptív sebességtartó automatika\r\nParkolóasszisztens\r\n360 fokos kamera\r\nVakfoltfigyelő\r\nSávelváltás asszisztens\r\nKeresztirányú forgalomfigyelő', '4,0 literes V8 biturbómotor, 577 lóerővel', 'Benzin', 'https://assets.oneweb.mercedes-benz.com/iris/iris.png?COSY-EU-100-1713d0VXqrWFqtyO67PobzIr3eWsrrCsdRRzwQZg9pZbMw3SGtGyWtsd2HdcUfpOyXGEjy2J0lV0VOB2qWcbApUApI5uGmzQC3aM1kzNHTnm7j871hKVi%25N%25vqAtqyLR5LDYaxCoWrH1zjRn8w7hnoiZKMIM4FvslTg9LUV6PDaGFSeW0h%25tXSMNV3%25ZyLRAYDYaxBNurH1LMOn8wuv8oiZ45gM4FgSuTg9Pxk6PDerFSeWst9tsLV79MOuljcVGXA9dVdhcfWF002ROxEnfxXr1RjijhWh5DvaAFCDGp0xTfx&imgt=P27&bkgnd=9&pov=BE040&uni=cs&im=Crop,rect=(0,0,1450,750),gravity=Center;Resize,width=650', 0),
(22, 'Rent04', 'Mercedes-Maybach ', 2024, 'Fekete', 'Légzsákok elöl és hátul\r\nElektronikus menetstabilizáló program (ESP)\r\nFékasszisztens\r\nVészfékezés\r\nSávtartó asszisztens\r\nTáblafelismerés\r\nHolttérfigyelő\r\nÜtközésmegelőző rendszer\r\nSávelváltás asszisztens\r\nKeresztirányú forgalomfigyelő\r\nGyalogosfelismerés', 'Kényelmes hátsó ülések állítható háttámlával, lábtartóval és masszázsfunkcióval\r\nSzámos kárpitozási lehetőség, beleértve a bőrt és a nappabőrt\r\nFűthető és szellőztethető ülések elöl és hátul\r\nHátsó szórakoztató rendszer opcionálisan', 'Négy zónás automatikus klímaberendezés\r\nHátsó klímaberendezés alapfelszereltség', 'MBUX infotainment rendszer 12,3 hüvelykes érintőképernyővel\r\nApple CarPlay és Android Auto kompatibilitás\r\nBurmester 3D térhatású hangrendszer alapfelszereltség', 'Panoráma napfénytető\r\nElektromosan állítható kormányoszlop\r\nFűthető kormánykerék opcionálisan\r\nLED-es belső világítás\r\nHangulatvilágítás\r\nHangvezérlés', '9G-TRONIC kilencsebességes automata váltó', 'Adaptív sebességtartó automatika\r\nParkolóasszisztens\r\n360 fokos kamera\r\nAktív sávtartó asszisztens\r\nVakfoltfigyelő\r\nKeresztirányú forgalomfigyelő', '3,0 literes hathengeres motorral és elektromos motorral, 510 lóerővel.', 'Hibrid', 'https://assets.oneweb.mercedes-benz.com/iris/iris.png?COSY-EU-100-1713d0VXqbSFqtyO67PobzIr3eWsrrCsdRRzwQZgk4ZbMw3SGtGyWtsd2spcUfpLcXGEuiXJ0l34AOB2NQnbApjtwI5uVczQC3qkOkzNRLdm7jZ6IhKVFKN%25vq9UTyLRDGfYaxWbSrH1KJtn8wvOyoiZLioM4FaKrTg9Hvk6PD8c6SeWiXjtsd4JxcUfgrkXGEPnSJ0leoJOB2Kr%25bApvnbI5uLmxQC3ahQkzNHlnm7j82IhKVi%25Q%25vq4ylyLRhLFYaxU08rH1GBfn8w0z2oiZB%25lM4FAT2Tg9LQ96PDaPpSeWHXutsd8ZDcUfiMfXGE4TdJ0lgOhOB2PbcbApeIpI5usQMQC3UvrkzNGLKm7j0a3hKV3SL%25vqNtlyLRjnmYax4XErH1gObnMr%25E2fbVI5ue4MQC3PwOBonLZbAJoEFI5OjF9QCPG2DkzmNsWm7hm7dhK%25hqf%25vycsEyLYbUlYOGcKW3PiU2GnRU6CGax2HL7oo4B3A89HApF5BUkUxLx6vJbT7SvngoAdHA&imgt=P27&bkgnd=9&pov=BE040&uni=cs&im=Crop,rect=(0,0,1450,750),gravity=Center;Resize,width=650', 0),
(23, 'Rent05', 'Mercedes-Benz GLA', 2024, 'Piros', 'Légzsákok elöl és hátul\r\nElektronikus menetstabilizáló program (ESP)\r\nFékasszisztens\r\nVészfékezés\r\nSávtartó asszisztens\r\nTáblafelismerés\r\nHolttérfigyelő\r\nÜtközésmegelőző rendszer\r\nSávelváltás asszisztens\r\nKeresztirányú forgalomfigyelő\r\nGyalogosfelismerés', 'Kényelmes ülések elöl és hátul, állítható háttámlával és deréktámasztóval\r\nSzámos kárpitozási lehetőség, beleértve a bőrt.\r\nFűthető és szellőztethető ülések elöl és hátul\r\nHátsó szórakoztató rendszer opcionálisan', 'Négy zónás automatikus klímaberendezés\r\nHátsó klímaberendezés alapfelszereltség', 'MBUX infotainment rendszer 12,3 hüvelykes érintőképernyővel\r\nApple CarPlay és Android Auto kompatibilitás\r\nBurmester 3D térhatású hangrendszer alapfelszereltség', 'Panoráma napfénytető\r\nElektromosan állítható kormányoszlop\r\nFűthető kormánykerék opcionálisan\r\nLED-es belső világítás\r\nHangulatvilágítás', '9G-TRONIC kilencsebességes automata váltó', 'Adaptív sebességtartó automatika\r\nParkolóasszisztens\r\n360 fokos kamera\r\nAktív sávtartó asszisztens\r\nVakfoltfigyelő\r\nKeresztirányú forgalomfigyelő', 'Hátsó tengelyen elhelyezett villanymotor, 204 lóerővel\r\nElülső tengelyen elhelyezett villanymotor, 193 lóerővel\r\nÖsszesen 408 lóerő és 765 Nm nyomaték', 'Elektromos', 'https://assets.oneweb.mercedes-benz.com/iris/iris.png?COSY-EU-100-1713d0VXqNEeqtyO67PobzIr3eWsrrCsdRRzwQZxkIZbMw3SGtle9tsd2HVcUfpOcXGEunSJ0l3ofOB2qBqbApRTyI5uG62QC3aM1kzNHTNm7j871hKVitF%25vqmUjyLRhnmYaxU0ErH1GCfn8w0hyoiZBJZM4FvIuTg9Lt26PDar6SeWHnRtsd8c%25cUfiANXGE45wJ0ldItOB2fMqbAp7AbI5uKMTQmIJwF1TE6PDL1oSeWv3M4kWCNTg7L9j6PSmuVSethcqtsc%25PRcUX2ExXGJgV1JnaysV975Lwab8rqAO0lwBGeIIC89iANBiZ348L6LlGlmUrokehUbzIiqBi&imgt=P27&bkgnd=9&pov=BE040&uni=cs&im=Crop,rect=(0,0,1450,750),gravity=Center;Resize,width=650', 0),
(24, 'Rent06', 'Mercedes-Benz GLC', 2024, 'Fekete', 'Légzsákok elöl és hátul\r\nElektronikus menetstabilizáló program (ESP)\r\nFékasszisztens\r\nVészfékezés\r\nSávtartó asszisztens\r\nTáblafelismerés\r\nHolttérfigyelő\r\nÜtközésmegelőző rendszer\r\nSávelváltás asszisztens\r\nKeresztirányú forgalomfigyelő\r\nGyalogosfelismerés', 'Kényelmes ülések elöl és hátul, állítható háttámlával és deréktámasztóval\r\nSzámos kárpitozási lehetőség, beleértve a bőrt és a dinamika szövetet\r\nFűthető és szellőztethető ülések elöl opcionálisan', 'Automatikus klímaberendezés\r\nHátsó klímaberendezés opcionálisan', 'MBUX infotainment rendszer 10,25 hüvelykes érintőképernyővel\r\nApple CarPlay és Android Auto kompatibilitás\r\nBurmester hangrendszer alapfelszereltség', 'Panoráma napfénytető\r\nElektromosan állítható kormányoszlop\r\nFűthető kormánykerék\r\nLED-es belső világítás\r\nHangulatvilágítás', 'Hétfokozatú duplakuplungos automata váltó', 'Adaptív sebességtartó automatika\r\nParkolóasszisztens\r\n360 fokos kamera\r\nAktív sávtartó asszisztens\r\nVakfoltfigyelő\r\nKeresztirányú forgalomfigyelő', 'Hátsó tengelyen elhelyezett villanymotor, 168 lóerővel\r\nElülső tengelyen elhelyezett villanymotor, 72 lóerővel\r\nÖsszesen 240 lóerő és 370 Nm nyomaték', 'Elektromos', 'https://assets.oneweb.mercedes-benz.com/iris/iris.png?COSY-EU-100-1713d0VXqaSFqtyO67PobzIr3eWsrrCsdRRzwQZQ9vZbMw3SGtGyWtsd3YQcUfgFfXGEzG3J0lc4tOB2a81bApHT9I5u861QC3iXOkzNGTNm7j0yZhKVBpN%25vqAI%25yLR5i2Yax4JOroYhfldOjbApPdpI5ug6FQC3AgTkzN5l9m7jdCuhKVvsL%25vqLUcyLRaARYaBEUVmMDZfrE81vVyRxXr1RjiiF2MpwQ1pnIu2fzfXRXPq0Agjeq89iph1p&imgt=P27&bkgnd=9&pov=BE040&uni=cs&im=Crop,rect=(0,0,1450,750),gravity=Center;Resize,width=650', 0),
(25, 'Rent01', 'Tesla Model S', 2024, 'Fekete', 'Légzsákok elöl és hátul\r\nElektronikus menetstabilizáló program (ESP)\r\nVészfékezés\r\nSávtartó asszisztens\r\nHolttérfigyelő\r\nÜtközésmegelőző rendszer\r\nAutomatikus vészfékezés\r\nAutopilot vezetési asszisztens (opcionális)', 'Kényelmes ülések elöl és hátul, állítható háttámlával és deréktámasztóval\r\nSzámos kárpitozási lehetőség, beleértve a bőrt és a vegán bőrt\r\nFűthető és szellőztethető ülések elöl és hátul\r\nHátul középső ülés lehajtható síkké, további raktérrel (opcionális)', 'Automatikus klímaberendezés\r\nHátsó klímaberendezés alapfelszereltség', 'Prémium hangrendszer 17 hangszóróval\r\nUtastérhangzás (opcionális)', 'Panoráma napfénytető\r\nElektromosan állítható kormányoszlop\r\nFűthető kormánykerék\r\nLED-es belső világítás\r\nHangulatvilágítás\r\n17 hüvelykes érintőképernyő az infotainment rendszerhez\r\nTeljesen digitális műszerfal', 'Egy fokozatú egyenesváltó', 'Autopilot vezetési asszisztens (opcionális)\r\nAdaptív sebességtartó automatika\r\nParkolóasszisztens\r\n360 fokos kamera\r\nVakfoltfigyelő\r\nKeresztirányú forgalomfigyelő', '670 lóerő', 'Elektromos', 'https://digitalassets.tesla.com/tesla-contents/image/upload/f_auto,q_auto/Mega-Menu-Vehicles-Model-S.png', 0),
(26, 'Rent02', 'Tesla Model 3', 2024, 'Piros', 'Légzsákok elöl és hátul\r\nElektronikus menetstabilizáló program (ESP)\r\nVészfékezés\r\nSávtartó asszisztens\r\nHolttérfigyelő\r\nÜtközésmegelőző rendszer\r\nAutomatikus vészfékezés\r\nAutó pilot vezetési asszisztens (opcionális)\r\n', 'Kényelmes ülések elöl és hátul, állítható háttámlával és deréktámasztóval\r\nSzámos kárpitozási lehetőség, beleértve a bőrt és a vegán bőrt\r\nFűthető és szellőztethető ülések elöl opcionálisan', 'Prémium hangrendszer 14 hangszóróval\r\nUtastérhangzás (opcionális)', 'Panoráma napfénytető\r\nElektromosan állítható kormányoszlop\r\nFűthető kormánykerék\r\nLED-es belső világítás\r\nHangulatvilágítás\r\n15 hüvelykes érintőképernyő az infotainment rendszerhez\r\nTeljesen digitális műszerfal', 'Autopilot vezetési asszisztens (opcionális)\r\nAdaptív sebességtartó automatika\r\nParkolóasszisztens\r\n360 fokos kamera\r\nVakfoltfigyelő\r\nKeresztirányú forgalomfigyelő', 'Egy fokozatú egyenesváltó', 'Adaptív sebességtartó automatika\r\nParkolóasszisztens\r\n360 fokos kamera\r\nAktív sávtartó asszisztens\r\nVakfoltfigyelő\r\nKeresztirányú forgalomfigyelő', '510 lóerő', 'Benzin', 'https://digitalassets.tesla.com/tesla-contents/image/upload/f_auto,q_auto/Mega-Menu-Vehicles-Model-3-Performance-LHD.png', 0),
(27, 'Rent03', 'Tesla Model X', 2024, 'Fehér', 'Légzsákok elöl és hátul\r\nElektronikus menetstabilizáló program (ESP)\r\nVészfékezés\r\nSávtartó asszisztens\r\nHolttérfigyelő\r\nÜtközésmegelőző rendszer\r\nAutomatikus vészfékezés\r\nAutopilot vezetési asszisztens (opcionális)', 'Kényelmes ülések elöl és hátul, állítható háttámlával és deréktámasztóval\r\nSzámos kárpitozási lehetőség, beleértve a bőrt és a vegán bőrt\r\nFűthető és szellőztethető ülések elöl és hátul\r\nHátul középső ülés lehajtható síkké, további raktérrel (opcionális)', 'Automatikus klímaberendezés\r\nHátsó klímaberendezés opcionálisan', 'Prémium hangrendszer 23 hangszóróval\r\nUtastérhangzás (opcionális)', 'Panoráma napfénytető\r\nElektromosan állítható kormányoszlop\r\nFűthető kormánykerék\r\nLED-es belső világítás\r\nHangulatvilágítás\r\n17 hüvelykes érintőképernyő az infotainment rendszerhez\r\nTeljesen digitális műszerfal', 'Egy fokozatú egyenesváltó', 'Autó pilot vezetési asszisztens (opcionális)\r\nAdaptív sebességtartó automatika\r\nParkolóasszisztens\r\n360 fokos kamera\r\nVakfoltfigyelő\r\nKeresztirányú forgalomfigyelő\r\nAutó pilot parkolás (opcionális)\r\nFSD (Teljes Önkormányzati Vezetés) (opcionális)', '1020 lóerő', 'Elektromos', 'https://digitalassets.tesla.com/tesla-contents/image/upload/f_auto,q_auto/Mega-Menu-Vehicles-Model-X.png', 0),
(28, 'Rent04', 'Tesla Model Y', 2024, 'Kék', 'Légzsákok elöl és hátul\r\nElektronikus menetstabilizáló program (ESP)\r\nVészfékezés\r\nSávtartó asszisztens\r\nHolttérfigyelő\r\nÜtközésmegelőző rendszer\r\nAutomatikus vészfékezés\r\nAutó pilot vezetési asszisztens (opcionális)', 'Kényelmes ülések elöl és hátul, állítható háttámlával és deréktámasztóval\r\nSzámos kárpitozási lehetőség, beleértve a bőrt és a vegán bőrt\r\nFűthető és szellőztethető ülések elöl és hátul opcionálisan\r\nHátul középső ülés lehajtható síkké, további raktérrel ', 'Négy zónás automatikus klímaberendezés\r\nHátsó klímaberendezés alapfelszereltség', 'Prémium hangrendszer 14 hangszóróval\r\nUtastérhangzás (opcionális)', 'Panoráma napfénytető\r\nElektromosan állítható kormányoszlop\r\nFűthető kormánykerék\r\nLED-es belső világítás\r\nHangulatvilágítás\r\n15 hüvelykes érintőképernyő az infotainment rendszerhez\r\nTeljesen digitális műszerfal', 'Egy fokozatú egyenesváltó', 'Autopilot vezetési asszisztens (opcionális)\r\nAdaptív sebességtartó automatika\r\nParkolóasszisztens\r\n360 fokos kamera\r\nVakfoltfigyelő\r\nKeresztirányú forgalomfigyelő', '534 lóerő', 'Elektromos', 'https://digitalassets.tesla.com/tesla-contents/image/upload/f_auto,q_auto/Mega-Menu-Vehicles-Model-Y.png', 0);

-- --------------------------------------------------------

--
-- Tábla szerkezet ehhez a táblához `berlok`
--

CREATE TABLE `berlok` (
  `id` int(11) NOT NULL,
  `nev` varchar(100) NOT NULL,
  `jogositvanyszama` varchar(15) NOT NULL,
  `telefonszam` varchar(20) DEFAULT NULL,
  `szuletesiido` date NOT NULL,
  `biztonsagikod` varchar(50) NOT NULL,
  `email` varchar(255) NOT NULL,
  `jelszo` varchar(255) NOT NULL,
  `isz` int(4) NOT NULL,
  `varos` varchar(255) NOT NULL,
  `cim` varchar(255) NOT NULL
) ENGINE=InnoDB DEFAULT CHARSET=utf8 COLLATE=utf8_hungarian_ci;

--
-- A tábla adatainak kiíratása `berlok`
--

INSERT INTO `berlok` (`id`, `nev`, `jogositvanyszama`, `telefonszam`, `szuletesiido`, `biztonsagikod`, `email`, `jelszo`, `isz`, `varos`, `cim`) VALUES
(1, 'Kandúr Károly', 'LR337157', '06-41-334112', '2015-04-02', '', 'kandur@gmail.com', 'kandur', 5600, 'Békéscsaba', 'Nagy u. 13.'),
(2, 'Gipsz Jakab', 'VE445112', '06-41-555223', '2018-04-03', '', 'gipsz@gmail.com', 'jelszo', 5600, 'Békéscsaba', 'Kiss u. 13.'),
(3, 'Macska Mihály', 'LR337587', '06-31-556584', '2014-03-02', 'macska', 'macska@gmail.com', 'cat', 5600, 'Békéscsaba', 'Közepes u. 13.'),
(27, 'Nagy Ferenc', 'új22', '06/20/3025874', '1978-12-15', 'jelszo333', 'cezar@gmail.com', 'ujuj', 5600, 'Békéscsaba', 'Kő utca 12.'),
(28, 'Varga Ákos', '', NULL, '0000-00-00', '', 'fradi@gmail.com', 'jelszo333', 0, '', ''),
(39, 'Takács Tamás', '', NULL, '0000-00-00', '', 'takacs@gmail.com', 'jelszo', 0, '', ''),
(42, 'CatMihály', '', NULL, '0000-00-00', '', 'cat3@gmail.com', 'jelszo', 0, '', ''),
(47, 'Takács Tamás2', '', NULL, '0000-00-00', '', 'takacs2@gmail.com', 'jelszo', 0, '', ''),
(48, 'Takács Tamás', '', NULL, '0000-00-00', '', 'takacs3@gmail.com', 'jelszo', 0, '', ''),
(49, 'Gulácsi Levente', '', NULL, '0000-00-00', '', 'gulacsi@gmail.com', 'jelszo', 0, '', ''),
(57, 'Golyó Gábor', '', NULL, '0000-00-00', '', 'gulacsi2@gmail.com', 'jelszo', 0, '', ''),
(58, 'Golyó Gábor', '', NULL, '0000-00-00', '', 'gulacsi4@gmail.com', 'jelszo', 0, '', ''),
(59, 'Berényi Miklós', '', NULL, '0000-00-00', '', 'miki@gmail.com', '11', 0, '', ''),
(60, 'CatMihály', '', NULL, '0000-00-00', '', 'cat4444@gmail.com', 'jelszo', 0, '', ''),
(61, 'Tóni', '', NULL, '0000-00-00', '', 'toni@gmail.com', '2', 0, '', ''),
(62, 'Tóni', '', NULL, '0000-00-00', '', 'toni2@gmail.com', '2', 0, '', ''),
(63, 'Tóni', '', NULL, '0000-00-00', '', 'toni3@gmail.com', '2', 0, '', ''),
(64, 'Takács Tamás', '', NULL, '0000-00-00', '', 'golyo@gmail.com', '2', 0, '', ''),
(65, 'Takács Tamás', '', NULL, '0000-00-00', '', 'kapor@gmail.com', '3', 0, '', ''),
(66, 'Balázs', '', NULL, '0000-00-00', '', 'huba@gmail.com', '$2y$10$amegvAj5LSZBg/dFz/LKT.jL24QjKTiL4avnAm5SA4egBuVq3PuZy', 0, '', ''),
(67, 'Nagy Csaba', '', NULL, '0000-00-00', '', 'nagyon@gmail.com', 'nagy', 0, '', ''),
(68, 'asdasd', '', NULL, '0000-00-00', '', 'kocsis.mark1217@gmail.com', 'asdasd', 0, '', ''),
(69, 'asdasd', '', NULL, '0000-00-00', '', 'kocsis.mark127@gmail.com', 'asdasd', 0, '', ''),
(70, 'asdasdasd', '', NULL, '0000-00-00', '', 'asdasd@gmail.com', 'asdasd', 0, '', ''),
(71, 'Baranyi Ákos', '', NULL, '0000-00-00', '', 'baranyi@gmail.com', 'jelszo', 0, '', ''),
(72, 'admin', 'jogsi3', '06303497940', '0000-00-00', 'kod', 'admin@admin.hu', 'admin', 5600, 'Békéscsaba', 'Gyöngyösi u. 3.'),
(73, 'admin2', '', NULL, '0000-00-00', '', 'admin2@admin.hu', '$2y$10$/V4jnNpdOs0ptrW6EDarbOeMowW2qW3L46lbFX1LVjCyOIB/gd.yW', 0, '', ''),
(74, 'asdasdasdasd', '', NULL, '0000-00-00', '', 'asdasdasdasd@gmail.com', '$2y$10$r7c9rOadKUguh3mMzwVwV.KEPVifuZ3hXpzD01c7jMn/wgw2zPWR.', 0, '', ''),
(75, 'asdasdasdasdasd', '', NULL, '0000-00-00', '', 'asdasdasdasdasd@gmail.com', '$2y$10$KS2aXylPvaIswsSI7kmN9e1dNRJ41gvpcj2nfpzRK3oWcKYppaSIq', 0, '', ''),
(76, 'Varga Zoltán', 'CE214154', '06303497940', '0000-00-00', 'anya', 'varga@alfakepzo.hu', 'kod', 5600, 'Békéscsaba', 'Gyöngyösi u. 3.'),
(77, 'Almarépa', '1231231234', '1231231235', '0000-00-00', 'asd', 'asdf@asd.com', 'asdasd', 5630, 'asdads', 'asdasd'),
(78, 'almaretes Géza', '123123123', '06706899874', '0000-00-00', 'almaasdasd', 'almaretes@gmail.com', 'asdasdasd', 5630, 'Békés', 'Alma utca');

-- --------------------------------------------------------

--
-- Tábla szerkezet ehhez a táblához `ford`
--

CREATE TABLE `ford` (
  `id` int(11) NOT NULL,
  `rendszam` varchar(6) NOT NULL,
  `tipus` varchar(100) NOT NULL,
  `evjarat` int(11) DEFAULT NULL,
  `szin` varchar(30) DEFAULT NULL,
  `biztonság` varchar(255) NOT NULL,
  `ülések` varchar(255) NOT NULL,
  `klima` varchar(255) NOT NULL,
  `audio` varchar(255) NOT NULL,
  `belsofelszereltseg` varchar(500) NOT NULL,
  `valto` varchar(255) NOT NULL,
  `vezetesttamogatorendszerek` varchar(500) NOT NULL,
  `motor` varchar(400) NOT NULL,
  `uzemanyag` varchar(255) NOT NULL,
  `kepek` varchar(200) NOT NULL
) ENGINE=InnoDB DEFAULT CHARSET=utf8 COLLATE=utf8_hungarian_ci;

--
-- A tábla adatainak kiíratása `ford`
--

INSERT INTO `ford` (`id`, `rendszam`, `tipus`, `evjarat`, `szin`, `biztonság`, `ülések`, `klima`, `audio`, `belsofelszereltseg`, `valto`, `vezetesttamogatorendszerek`, `motor`, `uzemanyag`, `kepek`) VALUES
(1, 'Rent01', 'Ford Mustang', 2024, 'Fehér', 'Automatikus vészfékezés gyalogosfelismeréssel\r\nSávtartó asszisztens\r\nHolttérfigyelő\r\nTolatóradar\r\nVészhelyzeti kormányzási rásegítés\r\nAdaptív sebességtartó automatika (opcionális)', 'Elektromos állítású és fűthető első ülések (opcionális)\r\nBőr üléskárpit (opcionális)\r\nVersenyülések nagyobb oldaltartással (opcionális)', 'Automata klímaberendezés\r\nHátsó légkondicionáló (opcionális)\r\nNapfénytető (opcionális)', 'AM/FM rádió\r\nBluetooth kapcsolódás\r\nUSB port\r\nHangvezérlés\r\nPrémium hangrendszer (opcionális)', 'Elektromos ablakemelők\r\nElektromosan állítható és fűthető tükrök\r\nKözponti zár\r\nNavigációs rendszer (opcionális)\r\nDigitális műszerfal (opcionális)\r\nHangulatvilágítás (opcionális)', '\r\n10 sebességes automata sebességváltó', 'Választható vezetési módok (Normal, Sport+, Track)\r\nSzelektálható elektromos szervokormány (Comfort, Normal, Sport)\r\nPerformance Pack (opcionális): nagyobb fékek, Torsen önzáró differenciálmű', '5.0 literes Ti-VCT V8 motor: 480 lóerő és 415 lb-ft nyomaték', 'Benzin', 'https://www.gpas-cache.ford.com/guid/382d2d32-75c8-3e1a-9a83-c1cfd817865e.png'),
(2, 'Rent02', 'Ford Puma', 2024, 'Fehér', 'Automatikus vészfékezés\r\nSávtartó asszisztens\r\nHoltérfigyelő\r\nAdaptív sebességtartó automatika\r\nGyalogosfelismerés\r\nVészfékezés hátramenetben\r\nKeréknyomás-figyelő rendszer', 'Első ülések elektromos állítással és fűtéssel\r\nMásodik üléssor lehajtható\r\nBőr üléskárpit (opcionális)\r\nFűthető kormánykerék (opcionális)', 'Automata klímaberendezés\r\nHátsó légkondicionáló\r\nNapfénytető (opcionális)', 'AM/FM rádió\r\nBluetooth kapcsolódás\r\nUSB port\r\nHangvezérlés\r\n8 hangszórós B&O prémium hangrendszer (opcionális)', 'Elektromos ablakemelők\r\nElektromosan állítható és fűthető tükrök\r\nKözponti zár\r\nTolatókamera\r\nNavigációs rendszer (opcionális)\r\n8 colos érintőképernyős infotainment rendszer\r\nApple CarPlay és Android Auto kompatibilitás\r\nHangvezérlés', '7 sebességes automata sebességváltó', 'Intelligens sebességtartó automatika\r\nAktív sávtartás asszisztens\r\nPre-Collision Assist 360° ütközésmegelőző rendszer\r\nHolttérfigyelő\r\nKeresztirányú forgalomfigyelő\r\nParkolási asszisztens', '1.0 literes EcoBoost Hybrid benzinmotor\r\n155 lóerő\r\nMild-hibrid technológia\r\n48 voltos akkumulátor\r\n5,8 l/100 km átlagos üzemanyag-fogyasztás', 'Benzin', 'https://www.gpas-cache.ford.com/guid/e1574ce9-e269-3ada-9cd5-2f6ca104e377.png'),
(3, 'Rent03', 'Ford Mustang Mach-E', 2024, 'Fekete', 'Automatikus vészfékezés\r\nSávtartó asszisztens\r\nHolttérfigyelő\r\nAdaptív sebességtartó automatika\r\nGyalogosfelismerés\r\nVészfékezés hátramenetben\r\nKeréknyomás-figyelő rendszer', 'Első ülések elektromos állítással és fűtéssel\r\nMásodik üléssor lehajtható\r\nBőr üléskárpit (opcionális)\r\nFűthető kormánykerék (opcionális)', 'Automata klímaberendezés\r\nHátsó légkondicionáló\r\nNapfénytető (opcionális)', 'AM/FM rádió\r\nBluetooth kapcsolódás\r\nUSB port\r\nHangvezérlés\r\n10 hangszórós B&O prémium hangrendszer (opcionális)', 'Elektromos ablakemelők\r\nElektromosan állítható és fűthető tükrök\r\nKözponti zár\r\nTolatókamera\r\nNavigációs rendszer (opcionális)\r\n15,5 colos érintőképernyős infotainment rendszer\r\nApple CarPlay és Android Auto kompatibilitás\r\nHangvezérlés', 'Ford Mustang Mach-E elektromos hajtáslánccal van felszerelve, nem rendelkezik hagyományos sebességváltóval. A hajtáslánc egy elektromotort és egy akkumulátort tartalmaz, amelyek közvetlenül hajtják a kerekeket.', 'Intelligens sebességtartó automatika\r\nAktív sávtartás asszisztens\r\nPre-Collision Assist 360° ütközésmegelőző rendszer\r\nHolttérfigyelő\r\nKeresztirányú forgalomfigyelő\r\nParkolási asszisztens', 'GT Performance (opcionális): 480 lóerő és 600 lb-ft nyomaték\r\n', 'Teljesen elektromos hajtáslánc, lítium-ion akkumulátorral.', 'https://www.gpas-cache.ford.com/guid/fa7297d4-57ec-3eed-9447-f4381688cd3d.png'),
(4, 'Rent04', 'Ford Explorer', 2024, 'Fehér', 'Automatikus vészfékezés\r\nSávtartó asszisztens\r\nHoltérfigyelő\r\nAdaptív sebességtartó automatika\r\nGyalogosfelismerés\r\nVészfékezés hátramenetben', 'Első ülések elektromos állítással és fűtéssel\r\nMásodik üléssor lehajtható és sínen mozgatható\r\nHarmadik üléssor lehajtható\r\nBőr üléskárpit (opcionális)', 'Automata klímaberendezés\r\nHátsó légkondicionáló\r\nNapfénytető (opcionális)', 'AM/FM rádió\r\nCD-lejátszó (opcionális)\r\nBluetooth kapcsolódás\r\nUSB port\r\nHangvezérlés\r\n12 hangszórós Sony prémium hangrendszer (opcionális)', 'Elektromos ablakemelők\r\nElektromosan állítható és fűthető tükrök\r\nKözponti zár\r\nTolatókamera\r\nNavigációs rendszer (opcionális)\r\n15,5 colos érintőképernyős infotainment rendszer\r\nApple CarPlay és Android Auto kompatibilitás\r\nHangvezérlés', '10 sebességes automata sebességváltó', 'Automatikus vészfékezés\r\nSávtartó asszisztens\r\nHoltérfigyelő\r\nAdaptív sebességtartó automatika\r\nGyalogosfelismerés\r\nVészfékezés hátramenetben\r\nAutomatikus parkolás (opcionális)', '3.3 literes hibrid V6 motor: 318 lóerő és 322 lb-ft nyomaték', 'A benzines motorok 95-ös oktánszámú benzint igényelnek.\r\nA hibrid modell benzin-elektromos hajtáslánccal rendelkezik, és az akkumulátort külső áramforrásról is töltheti.', 'https://www.gpas-cache.ford.com/guid/899edeef-5ba1-30b2-81dd-b4a082241bc5.png'),
(5, 'Rent05', 'Ford Tourneo', 2024, 'Fehér', 'Automatikus vészfékezés gyalogosfelismeréssel\r\nSávtartó asszisztens\r\nHolttérfigyelő\r\nTolatóradar\r\nAdaptív sebességtartó automatika\r\nVészhelyzeti kormányzási rásegítés', 'Kényelmes ülések akár 9 személy számára\r\nVáltoztatható üléskonfiguráció\r\nBőr üléskárpit (opcionális)', 'Automata klímaberendezés\r\nHátsó légkondicionáló (opcionális)\r\nNapfénytető (opcionális)', 'AM/FM rádió\r\nBluetooth kapcsolódás\r\nUSB port\r\nHangvezérlés\r\nPrémium hangrendszer (opcionális)', 'Elektromos ablakemelők\r\nElektromosan állítható és fűthető tükrök\r\nKözponti zár\r\nNavigációs rendszer (opcionális)\r\nDigitális műszerfal (opcionális)\r\nHangulatvilágítás (opcionális)', '8 sebességes automata sebességváltó (opcionális)', 'Parkolási asszisztens\r\nTolatókamerás parkolási segédlet\r\nSávtartó asszisztens\r\nHoltérfigyelő', 'Plug-in hibrid hajtáslánc (opcionális): 2.5 literes benzinmotor és villanymotor', 'Benzin', 'https://www.gpas-cache.ford.com/guid/f447fee5-17ce-3ac0-b765-9f07131fc269.png'),
(6, 'Rent06', 'Ford Tourneo', 2024, 'Fehér', 'Automatikus vészfékezés gyalogosfelismeréssel\r\nSávtartó asszisztens\r\nHolttérfigyelő\r\nTolatóradar\r\nAdaptív sebességtartó automatika\r\nVészhelyzeti kormányzási rásegítés', 'Kényelmes ülések akár 9 személy számára', 'Automata klímaberendezés\r\nHátsó légkondicionáló (opcionális)', 'AM/FM rádió\r\nBluetooth kapcsolódás\r\nUSB port\r\nHangvezérlés\r\nPrémium hangrendszer (opcionális)', 'Elektromos ablakemelők\r\nElektromosan állítható és fűthető tükrök\r\nKözponti zár\r\nNavigációs rendszer (opcionális)\r\nDigitális műszerfal (opcionális)', '6 sebességes manuális sebességváltó', 'Parkolási asszisztens\r\nTolatókamerás parkolási segédlet\r\nSávtartó asszisztens\r\nHolttérfigyelő', '2.0 literes EcoBlue dízelmotor: 130, 150 vagy 170 lóerő', 'Dízel', 'https://www.gpas-cache.ford.com/guid/f44d72c5-d5d0-3867-875a-4e2cf39f5172.png');

-- --------------------------------------------------------

--
-- Tábla szerkezet ehhez a táblához `kia`
--

CREATE TABLE `kia` (
  `id` int(11) NOT NULL,
  `rendszam` varchar(6) NOT NULL,
  `tipus` varchar(100) NOT NULL,
  `evjarat` int(11) DEFAULT NULL,
  `szin` varchar(30) DEFAULT NULL,
  `biztonság` varchar(255) NOT NULL,
  `ülések` varchar(255) NOT NULL,
  `klima` varchar(255) NOT NULL,
  `audio` varchar(255) NOT NULL,
  `belsofelszereltseg` varchar(500) NOT NULL,
  `valto` varchar(255) NOT NULL,
  `vezetesttamogatorendszerek` varchar(500) NOT NULL,
  `motor` varchar(400) NOT NULL,
  `uzemanyag` varchar(255) NOT NULL,
  `kepek` varchar(200) NOT NULL
) ENGINE=InnoDB DEFAULT CHARSET=utf8 COLLATE=utf8_hungarian_ci;

--
-- A tábla adatainak kiíratása `kia`
--

INSERT INTO `kia` (`id`, `rendszam`, `tipus`, `evjarat`, `szin`, `biztonság`, `ülések`, `klima`, `audio`, `belsofelszereltseg`, `valto`, `vezetesttamogatorendszerek`, `motor`, `uzemanyag`, `kepek`) VALUES
(1, 'Rent01', 'Kia Proceed GT', 2024, 'Fekete', 'Vészfékezés\r\nSávtartó asszisztens\r\nHolttérfigyelő\r\nKeresztirányú forgalomfigyelő\r\nVárosi vészfékezés\r\nFényszóró-automatika\r\nGyalogosfelismerés', 'Állítható háttámlával és deréktámasztóval. Fűthető és szellőztethető ülése', 'Automatikus klímaberendezés\r\nHátsó klímaberendezés opcionálisan', 'MMI infotainment rendszer 10,1 hüvelykes érintőképernyővel\r\nBang & Olufsen prémium hangrendszer opcionálisan', 'Panoráma napfénytetővel, elektromosan állítható kormányoszloppal, fűthető kormánykerékkel, LED-es belső világítással és hangulatvilágítással', 'Hétfokozatú duplakuplungos sebességváltóval', 'Adaptív sebességtartó automatikával, parkolóasszisztenssel és 360 fokos kamerával', 'Teljesítmény: 201 lóerő \r\n', 'Benzin', 'https://www.kia.com/content/dam/kwcms/kme/global/en/assets/gnb/kia-proceed-gt-my22-range-v1-520x260.png'),
(2, 'Rent02', 'Kia Sorento', 2024, 'Zöld', 'Légzsákok elöl és hátul\r\nElektronikus menetstabilizáló program (ESP)\r\nFékasszisztens\r\nVészfékezés\r\nSávtartó asszisztens\r\nTáblafelismerés\r\nHolttérfigyelő\r\nÜtközésmegelőző rendszer\r\nSávelváltás asszisztens\r\nKeresztirányú forgalomfigyelő\r\nGyalogosfelismerés\r', 'Kényelmes ülések elöl és hátul, állítható háttámlával és deréktámasztóval\r\nSzámos kárpitozási lehetőség, beleértve bőrt és alcantarát\r\nFűthető és szellőztethető ülések opcionálisan\r\nA 3. sor opcionálisan 7 üléses konfigurációt biztosít', 'Automatikus klímaberendezés\r\nHátsó klímaberendezés opcionálisan', 'MMI infotainment rendszer 10,25 hüvelykes érintőképernyővel\r\nApple CarPlay és Android Auto kompatibilitás\r\nPrémium hangrendszer opcionálisan', 'Panoráma napfénytető\r\nElektromosan állítható kormányoszlop\r\nFűthető kormánykerék opcionálisan\r\nLED-es belső világítás\r\nHangulatvilágítás', 'Nyolcfokozatú automatikus váltóó', 'Adaptív sebességtartó automatika\r\nParkolóasszisztens\r\n360 fokos kamera\r\nVakfoltfigyelő\r\nSávelváltás asszisztens\r\nKeresztirányú forgalomfigyelő', '3.5 literes V6, 277 lóerővel.', 'Benzin', 'https://www.kia.com/content/dam/kwcms/kme/global/en/assets/gnb/kia-sorento-ice-my25-v1-520x260.png'),
(3, 'Rent03', 'Kia Sportage GT-Line', 2024, 'Zöld', 'Légzsákok elöl és hátul\r\nElektronikus menetstabilizáló program (ESP)\r\nFékasszisztens\r\nVészfékezés\r\nSávtartó asszisztens\r\nTáblafelismerés\r\nHolttérfigyelő\r\nÜtközésmegelőző rendszer\r\nSávelváltás asszisztens\r\nKeresztirányú forgalomfigyelő\r\nGyalogosfelismerés', 'Kényelmes ülések elöl és hátul, állítható háttámlával és deréktámasztóval.\r\nFűthető és szellőztethető ülések opcionálisan', 'Automatikus klímaberendezés\r\nHátsó klímaberendezés opcionálisan', 'MMI infotainment rendszer 10,25 hüvelykes érintőképernyővel\r\nApple CarPlay és Android Auto kompatibilitás\r\nPrémium hangrendszer opcionálisan', 'Panoráma napfénytető\r\nElektromosan állítható kormányoszlop\r\nFűthető kormánykerék opcionálisan\r\nLED-es belső világítás\r\nHangulatvilágítás', 'Nyolcfokozatú automatikus váltó', 'Adaptív sebességtartó automatika\r\nParkolóasszisztens\r\n360 fokos kamera\r\nVakfoltfigyelő\r\nSávelváltás asszisztens\r\nKeresztirányú forgalomfigyelő', '2,5 literes turbófeltöltős négy hengeres motor, 281 lóerővel', 'Benzin', 'https://www.kia.com/content/dam/kwcms/kme/global/en/assets/gnb/kia-sportage-hev-gtl-my22-range-v1-520x260.png'),
(4, 'Rent04', 'Kia EV6 GT', 2024, 'Piros', 'Légzsákok elöl és hátul\r\nElektronikus menetstabilizáló program (ESP)\r\nFékasszisztens\r\nVészfékezés\r\nSávtartó asszisztens\r\nTáblafelismerés\r\nHolttérfigyelő\r\nÜtközésmegelőző rendszer\r\nSávelváltás asszisztens\r\nKeresztirányú forgalomfigyelő\r\nGyalogosfelismerés', 'Kényelmes ülések elöl és hátul, állítható háttámlával és deréktámasztóval.\r\nFűthető és szellőztethető ülések opcionálisan', 'Automatikus klímaberendezés\r\nHátsó klímaberendezés opcionálisan', 'MMI infotainment rendszer 12,3 hüvelykes érintőképernyővel\r\nApple CarPlay és Android Auto kompatibilitás\r\nMeridian prémium hangrendszer opcionálisan', 'Panoráma napfénytető\r\nElektromosan állítható kormányoszlop\r\nFűthető kormánykerék opcionálisan\r\nLED-es belső világítás\r\nHangulatvilágítás\r\nHangvezérlés', 'Egysebességű automatikus váltó', 'Adaptív sebességtartó automatika\r\nParkolóasszisztens\r\n360 fokos kamera\r\nVakfoltfigyelő\r\nSávelváltás asszisztens\r\nKeresztirányú forgalomfigyelő', 'Összkerékhajtású: 350 kW (476 lóerő), 740 Nm nyomaték', 'Benzin', 'https://www.kia.com/content/dam/kwcms/kme/nl/nl/assets/gnb/kia-ev6-GT-explore-520x260.png'),
(5, 'Rent05', 'Kia Stonic', 2024, 'Sárga', 'Légzsákok elöl és hátul\r\nElektronikus menetstabilizáló program (ESP)\r\nFékasszisztens\r\nVészfékezés\r\nSávtartó asszisztens\r\nTáblafelismerés\r\nHolttérfigyelő\r\nÜtközésmegelőző rendszer\r\nSávelváltás asszisztens\r\nKeresztirányú forgalomfigyelő\r\nGyalogosfelismerés', 'Kényelmes ülések elöl és hátul, állítható háttámlával és deréktámasztóval.\r\nFűthető és szellőztethető ülések opcionálisan', 'Automatikus klímaberendezés\r\nHátsó klímaberendezés opcionálisan', 'UVO infotainment rendszer 8 hüvelykes érintőképernyővel\r\nApple CarPlay és Android Auto kompatibilitás\r\n6 hangszórós hangrendszer', 'Panoráma napfénytető\r\nElektromosan állítható kormányoszlop\r\nFűthető kormánykerék opcionálisan\r\nLED-es belső világítás\r\nHangulatvilágítás', 'Hétfokozatú duplakuplungos automata váltó', 'Adaptív sebességtartó automatika\r\nParkolóasszisztens\r\n360 fokos kamera', '1,4 literes turbófeltöltős négy hengeres motor, 140 lóerővel', 'Benzin', 'https://www.kia.com/content/dam/kwcms/kme/global/en/assets/gnb/kia-stonic-gls-my22-range-v1-520x260.png'),
(6, 'Rent06', 'Kia XCeed GT', 2024, 'Fekete', 'Légzsákok elöl és hátul\r\nElektronikus menetstabilizáló program (ESP)\r\nFékasszisztens\r\nVészfékezés\r\nSávtartó asszisztens\r\nTáblafelismerés\r\nHolttérfigyelő\r\nÜtközésmegelőző rendszer\r\nSávelváltás asszisztens\r\nKeresztirányú forgalomfigyelő\r\nGyalogosfelismerés', 'Sportos kagylóülések elöl, állítható háttámlával és deréktámasztóval\r\nSzámos kárpitozási lehetőség, beleértve bőrt és alcantarát\r\nFűthető és szellőztethető ülések opcionálisan', 'Automatikus klímaberendezés\r\nHátsó klímaberendezés opcionálisan', 'UVO infotainment rendszer 10,25 hüvelykes érintőképernyővel\r\nApple CarPlay és Android Auto kompatibilitás\r\n8 hangszórós hangrendszer\r\nHarman Kardon prémium hangrendszer opcionálisan', 'Panoráma napfénytető\r\nElektromosan állítható kormányoszlop\r\nFűthető kormánykerék opcionálisan\r\nLED-es belső világítás\r\nHangulatvilágítás', 'Hétfokozatú duplakuplungos automata váltó', 'Adaptív sebességtartó automatika\r\nParkolóasszisztens\r\n360 fokos kamera', '1,5 literes turbófeltöltős négyhengeres motor, 204 lóerővel', 'Benzin', 'https://www.kia.com/content/dam/kwcms/kme/global/en/assets/gnb/kia-xceed-gtl-my23-range-v1-520x260.png');

-- --------------------------------------------------------

--
-- Tábla szerkezet ehhez a táblához `kolcsonzes`
--

CREATE TABLE `kolcsonzes` (
  `id` int(11) NOT NULL,
  `berloid` int(11) NOT NULL,
  `autoid` int(11) NOT NULL,
  `berletkezdete` date NOT NULL,
  `berletvege` date NOT NULL,
  `napokszama` int(11) DEFAULT NULL,
  `napidij` int(11) NOT NULL
) ENGINE=InnoDB DEFAULT CHARSET=utf8 COLLATE=utf8_hungarian_ci;

--
-- A tábla adatainak kiíratása `kolcsonzes`
--

INSERT INTO `kolcsonzes` (`id`, `berloid`, `autoid`, `berletkezdete`, `berletvege`, `napokszama`, `napidij`) VALUES
(1, 1, 4, '2017-04-23', '0000-00-00', 6, 12500),
(2, 2, 3, '2017-04-25', '0000-00-00', NULL, 9999),
(6, 76, 2, '2024-05-06', '2024-05-20', 14, 0),
(7, 76, 2, '2024-05-21', '2024-05-31', 10, 0),
(8, 76, 2, '2024-06-06', '2024-06-20', 14, 0),
(9, 76, 2, '2024-05-22', '2024-06-20', 14, 0),
(10, 76, 3, '2024-09-09', '2024-09-12', 3, 0),
(13, 76, 2, '2024-05-22', '2024-06-20', 14, 140000),
(14, 76, 4, '2024-05-06', '2024-05-13', 7, 70000),
(18, 77, 27, '2024-06-01', '2024-06-02', 1, 10000),
(21, 77, 11, '2024-05-01', '2024-05-02', 1, 10000);

-- --------------------------------------------------------

--
-- Tábla szerkezet ehhez a táblához `merci`
--

CREATE TABLE `merci` (
  `id` int(11) NOT NULL,
  `rendszam` varchar(6) NOT NULL,
  `tipus` varchar(100) NOT NULL,
  `evjarat` int(11) DEFAULT NULL,
  `szin` varchar(30) DEFAULT NULL,
  `biztonság` varchar(255) NOT NULL,
  `ülések` varchar(255) NOT NULL,
  `klima` varchar(255) NOT NULL,
  `audio` varchar(255) NOT NULL,
  `belsofelszereltseg` varchar(500) NOT NULL,
  `valto` varchar(255) NOT NULL,
  `vezetesttamogatorendszerek` varchar(500) NOT NULL,
  `motor` varchar(400) NOT NULL,
  `uzemanyag` varchar(255) NOT NULL,
  `kepek` varchar(1000) NOT NULL
) ENGINE=InnoDB DEFAULT CHARSET=utf8 COLLATE=utf8_hungarian_ci;

--
-- A tábla adatainak kiíratása `merci`
--

INSERT INTO `merci` (`id`, `rendszam`, `tipus`, `evjarat`, `szin`, `biztonság`, `ülések`, `klima`, `audio`, `belsofelszereltseg`, `valto`, `vezetesttamogatorendszerek`, `motor`, `uzemanyag`, `kepek`) VALUES
(1, 'Rent01', 'Mercedes-Benz GLE', 2024, 'Fekete', 'Vészfékezés\r\nSávtartó asszisztens\r\nHolttérfigyelő\r\nKeresztirányú forgalomfigyelő\r\nVárosi vészfékezés\r\nFényszóró-automatika\r\nGyalogosfelismerés', 'Kényelmes ülések elöl és hátul, állítható háttámlával és deréktámasztóval\r\nSzámos kárpitozási lehetőség, beleértve a bőrt és a nappabőrt\r\nFűthető és szellőztethető ülések elérhetőek elöl és hátul\r\nMasszázsfunkció opcionálisan', 'Automatikus klímaberendezés\r\nHátsó klímaberendezés alapfelszereltség', 'MBUX infotainment rendszer 12,3 hüvelykes érintőképernyővel\r\nApple CarPlay és Android Auto kompatibilitás\r\nBurmester 3D térhatású hangrendszer alapfelszereltség', 'Panoráma napfénytetővel, elektromosan állítható kormányoszloppal, fűthető kormánykerékkel, LED-es belső világítással és hangulatvilágítással', '9G-TRONIC kilencsebességes automata váltó', 'Adaptív sebességtartó automatika\r\nParkolóasszisztens\r\n360 fokos kamera\r\nAktív sávtartó asszisztens\r\nVakfoltfigyelő\r\nKeresztirányú forgalomfigyelő', '4,0 literes V8, 450 lóerővel.', 'Benzin', 'https://assets.oneweb.mercedes-benz.com/iris/iris.png?COSY-EU-100-1713d0VXq0WFqtyO67PobzIr3eWsrrCsdRRzwQZQ9vZbMw3SGtGyWtsd2HdcUfp8qXGEubSJ0l3IJOB2NMcbApjtwI5uVK%25QC31CrkzNBTnm7jA7mhKV5ph%25vqCycyLRgcDYaxPXSrH1eHrn8wsocoiZUMNM4FGTfTg9ozZ6PDMcoSeWzKStsd7vNcUfi%25fXGE4GjJ0lgIVOB2PS5bApeIoI5usKxQC3UvWkzNpTnm7ja7vhKVHtc%25YhQDd9cuXGEibBJ0l8HqOB2GBFbAp0iyI5uBfuQC3zMrkzN7T6m7jK7IhKVvsQ%25vGdeNQnF1WydGBUaq7qtyRV3HHwEnlxbRlYO2EW5WtVt4jU0i3gjaZHlkRl&imgt=P27&bkgnd=9&pov=BE040&uni=cs&im=Crop,rect=(0,0,1450,750),gravity=Center;Resize,width=650'),
(2, 'Rent02', 'Mercedes-Benz GLE', 2024, 'Fekete', 'Légzsákok elöl és hátul\r\nElektronikus menetstabilizáló program (ESP)\r\nFékasszisztens\r\nVészfékezés\r\nSávtartó asszisztens\r\nTáblafelismerés\r\nHolttérfigyelő\r\nÜtközésmegelőző rendszer\r\nSávelváltás asszisztens\r\nKeresztirányú forgalomfigyelő\r\nGyalogosfelismerés\r', 'Kényelmes ülések elöl és hátul, állítható háttámlával és deréktámasztóval\r\nSzámos kárpitozási lehetőség, beleértve a bőrt és a nappabőrt\r\nFűthető és szellőztethető ülések elérhetőek elöl és hátul\r\nMasszázsfunkció opcionálisan', 'Automatikus klímaberendezés\r\nHátsó klímaberendezés opcionálisan', 'MBUX infotainment rendszer 12,3 hüvelykes érintőképernyővel\r\nApple CarPlay és Android Auto kompatibilitás\r\nBurmester 3D térhatású hangrendszer alapfelszereltség', 'Panoráma napfénytető\r\nElektromosan állítható kormányoszlop\r\nFűthető kormánykerék opcionálisan\r\nLED-es belső világítás\r\nHangulatvilágítás', '9G-TRONIC kilencsebességes automata váltó', 'Adaptív sebességtartó automatika\r\nParkolóasszisztens\r\n360 fokos kamera\r\nAktív sávtartó asszisztens\r\nVakfoltfigyelő\r\nKeresztirányú forgalomfigyelő', ' 4,0 literes V8, 450 lóerővel.', 'Benzin', 'https://assets.oneweb.mercedes-benz.com/iris/iris.png?COSY-EU-100-1713d0VXq0WFqtyO67PobzIr3eWsrrCsdRRzwQZQ9vZbMw3SGtGyWtsd2HdcUfp8qXGEubSJ0l3IJOB2NMcbApjtwI5uVK%25QC31CrkzNBTnm7jA7mhKV5ph%25vqCycyLRgcDYaxPXSrH1eHrn8wsocoiZUMNM4FGTfTg9ozZ6PDMcoSeWzKStsd7vNcUfi%25fXGE4GjJ0lgIVOB2PS5bApeIoI5usKxQC3UvWkzNpTnm7ja7vhKVHtc%25YhQDd9cuXGEibBJ0l8HqOB2GBFbAp0iyI5uBfuQC3zMrkzN7T6m7jK7IhKVvsQ%25vGdeNQnF1WydGBUaq7qtyRV3HHwEnlxbRlYO2EW5WtVt4jU0i3gjaZHlkRl&imgt=P27&bkgnd=9&pov=BE040&uni=cs&im=Crop,rect=(0,0,1450,750),gravity=Center;Resize,width=650'),
(3, 'Rent03', 'Mercedes-AMG GT', 2024, 'Barna', 'Légzsákok elöl és hátul\r\nElektronikus menetstabilizáló program (ESP)\r\nFékasszisztens\r\nVészfékezés\r\nSávtartó asszisztens\r\nTáblafelismerés\r\nHolttérfigyelő\r\nÜtközésmegelőző rendszer\r\nSávelváltás asszisztens\r\nKeresztirányú forgalomfigyelő\r\nGyalogosfelismerés', 'Kényelmes sportülések elöl és hátul, állítható háttámlával és deréktámasztóval\r\nSzámos kárpitozási lehetőség, beleértve a bőrt és a nappabőrt\r\nFűthető és szellőztethető ülések elérhetőek elöl\r\nMasszázsfunkció opcionálisan', 'Automatikus klímaberendezés\r\nHátsó klímaberendezés opcionálisan', 'MBUX infotainment rendszer 12,3 hüvelykes érintőképernyővel\r\nApple CarPlay és Android Auto kompatibilitás\r\nBurmester 3D térhatású hangrendszer alapfelszereltség', 'Adaptív sebességtartó automatika\r\nParkolóasszisztens\r\n360 fokos kamera\r\nAktív sávtartó asszisztens\r\nVakfoltfigyelő\r\nKeresztirányú forgalomfigyelő', '9G-TRONIC kilencsebességes automata váltó', 'Adaptív sebességtartó automatika\r\nParkolóasszisztens\r\n360 fokos kamera\r\nVakfoltfigyelő\r\nSávelváltás asszisztens\r\nKeresztirányú forgalomfigyelő', '4,0 literes V8 biturbómotor, 577 lóerővel', 'Benzin', 'https://assets.oneweb.mercedes-benz.com/iris/iris.png?COSY-EU-100-1713d0VXqrWFqtyO67PobzIr3eWsrrCsdRRzwQZg9pZbMw3SGtGyWtsd2HdcUfpOyXGEjy2J0lV0VOB2qWcbApUApI5uGmzQC3aM1kzNHTnm7j871hKVi%25N%25vqAtqyLR5LDYaxCoWrH1zjRn8w7hnoiZKMIM4FvslTg9LUV6PDaGFSeW0h%25tXSMNV3%25ZyLRAYDYaxBNurH1LMOn8wuv8oiZ45gM4FgSuTg9Pxk6PDerFSeWst9tsLV79MOuljcVGXA9dVdhcfWF002ROxEnfxXr1RjijhWh5DvaAFCDGp0xTfx&imgt=P27&bkgnd=9&pov=BE040&uni=cs&im=Crop,rect=(0,0,1450,750),gravity=Center;Resize,width=650'),
(4, 'Rent04', 'Mercedes-Maybach ', 2024, 'Fekete', 'Légzsákok elöl és hátul\r\nElektronikus menetstabilizáló program (ESP)\r\nFékasszisztens\r\nVészfékezés\r\nSávtartó asszisztens\r\nTáblafelismerés\r\nHolttérfigyelő\r\nÜtközésmegelőző rendszer\r\nSávelváltás asszisztens\r\nKeresztirányú forgalomfigyelő\r\nGyalogosfelismerés', 'Kényelmes hátsó ülések állítható háttámlával, lábtartóval és masszázsfunkcióval\r\nSzámos kárpitozási lehetőség, beleértve a bőrt és a nappabőrt\r\nFűthető és szellőztethető ülések elöl és hátul\r\nHátsó szórakoztató rendszer opcionálisan', 'Négy zónás automatikus klímaberendezés\r\nHátsó klímaberendezés alapfelszereltség', 'MBUX infotainment rendszer 12,3 hüvelykes érintőképernyővel\r\nApple CarPlay és Android Auto kompatibilitás\r\nBurmester 3D térhatású hangrendszer alapfelszereltség', 'Panoráma napfénytető\r\nElektromosan állítható kormányoszlop\r\nFűthető kormánykerék opcionálisan\r\nLED-es belső világítás\r\nHangulatvilágítás\r\nHangvezérlés', '9G-TRONIC kilencsebességes automata váltó', 'Adaptív sebességtartó automatika\r\nParkolóasszisztens\r\n360 fokos kamera\r\nAktív sávtartó asszisztens\r\nVakfoltfigyelő\r\nKeresztirányú forgalomfigyelő', '3,0 literes hathengeres motorral és elektromos motorral, 510 lóerővel.', 'Hibrid', 'https://assets.oneweb.mercedes-benz.com/iris/iris.png?COSY-EU-100-1713d0VXqbSFqtyO67PobzIr3eWsrrCsdRRzwQZgk4ZbMw3SGtGyWtsd2spcUfpLcXGEuiXJ0l34AOB2NQnbApjtwI5uVczQC3qkOkzNRLdm7jZ6IhKVFKN%25vq9UTyLRDGfYaxWbSrH1KJtn8wvOyoiZLioM4FaKrTg9Hvk6PD8c6SeWiXjtsd4JxcUfgrkXGEPnSJ0leoJOB2Kr%25bApvnbI5uLmxQC3ahQkzNHlnm7j82IhKVi%25Q%25vq4ylyLRhLFYaxU08rH1GBfn8w0z2oiZB%25lM4FAT2Tg9LQ96PDaPpSeWHXutsd8ZDcUfiMfXGE4TdJ0lgOhOB2PbcbApeIpI5usQMQC3UvrkzNGLKm7j0a3hKV3SL%25vqNtlyLRjnmYax4XErH1gObnMr%25E2fbVI5ue4MQC3PwOBonLZbAJoEFI5OjF9QCPG2DkzmNsWm7hm7dhK%25hqf%25vycsEyLYbUlYOGcKW3PiU2GnRU6CGax2HL7oo4B3A89HApF5BUkUxLx6vJbT7SvngoAdHA&imgt=P27&bkgnd=9&pov=BE040&uni=cs&im=Crop,rect=(0,0,1450,750),gravity=Center;Resize,width=650'),
(5, 'Rent05', 'Mercedes-Benz GLA', 2024, 'Piros', 'Légzsákok elöl és hátul\r\nElektronikus menetstabilizáló program (ESP)\r\nFékasszisztens\r\nVészfékezés\r\nSávtartó asszisztens\r\nTáblafelismerés\r\nHolttérfigyelő\r\nÜtközésmegelőző rendszer\r\nSávelváltás asszisztens\r\nKeresztirányú forgalomfigyelő\r\nGyalogosfelismerés', 'Kényelmes ülések elöl és hátul, állítható háttámlával és deréktámasztóval\r\nSzámos kárpitozási lehetőség, beleértve a bőrt.\r\nFűthető és szellőztethető ülések elöl és hátul\r\nHátsó szórakoztató rendszer opcionálisan', 'Négy zónás automatikus klímaberendezés\r\nHátsó klímaberendezés alapfelszereltség', 'MBUX infotainment rendszer 12,3 hüvelykes érintőképernyővel\r\nApple CarPlay és Android Auto kompatibilitás\r\nBurmester 3D térhatású hangrendszer alapfelszereltség', 'Panoráma napfénytető\r\nElektromosan állítható kormányoszlop\r\nFűthető kormánykerék opcionálisan\r\nLED-es belső világítás\r\nHangulatvilágítás', '9G-TRONIC kilencsebességes automata váltó', 'Adaptív sebességtartó automatika\r\nParkolóasszisztens\r\n360 fokos kamera\r\nAktív sávtartó asszisztens\r\nVakfoltfigyelő\r\nKeresztirányú forgalomfigyelő', 'Hátsó tengelyen elhelyezett villanymotor, 204 lóerővel\r\nElülső tengelyen elhelyezett villanymotor, 193 lóerővel\r\nÖsszesen 408 lóerő és 765 Nm nyomaték', 'Elektromos', 'https://assets.oneweb.mercedes-benz.com/iris/iris.png?COSY-EU-100-1713d0VXqNEeqtyO67PobzIr3eWsrrCsdRRzwQZxkIZbMw3SGtle9tsd2HVcUfpOcXGEunSJ0l3ofOB2qBqbApRTyI5uG62QC3aM1kzNHTNm7j871hKVitF%25vqmUjyLRhnmYaxU0ErH1GCfn8w0hyoiZBJZM4FvIuTg9Lt26PDar6SeWHnRtsd8c%25cUfiANXGE45wJ0ldItOB2fMqbAp7AbI5uKMTQmIJwF1TE6PDL1oSeWv3M4kWCNTg7L9j6PSmuVSethcqtsc%25PRcUX2ExXGJgV1JnaysV975Lwab8rqAO0lwBGeIIC89iANBiZ348L6LlGlmUrokehUbzIiqBi&imgt=P27&bkgnd=9&pov=BE040&uni=cs&im=Crop,rect=(0,0,1450,750),gravity=Center;Resize,width=650'),
(6, 'Rent06', 'Mercedes-Benz GLC', 2024, 'Fekete', 'Légzsákok elöl és hátul\r\nElektronikus menetstabilizáló program (ESP)\r\nFékasszisztens\r\nVészfékezés\r\nSávtartó asszisztens\r\nTáblafelismerés\r\nHolttérfigyelő\r\nÜtközésmegelőző rendszer\r\nSávelváltás asszisztens\r\nKeresztirányú forgalomfigyelő\r\nGyalogosfelismerés', 'Kényelmes ülések elöl és hátul, állítható háttámlával és deréktámasztóval\r\nSzámos kárpitozási lehetőség, beleértve a bőrt és a dinamika szövetet\r\nFűthető és szellőztethető ülések elöl opcionálisan', 'Automatikus klímaberendezés\r\nHátsó klímaberendezés opcionálisan', 'MBUX infotainment rendszer 10,25 hüvelykes érintőképernyővel\r\nApple CarPlay és Android Auto kompatibilitás\r\nBurmester hangrendszer alapfelszereltség', 'Panoráma napfénytető\r\nElektromosan állítható kormányoszlop\r\nFűthető kormánykerék\r\nLED-es belső világítás\r\nHangulatvilágítás', 'Hétfokozatú duplakuplungos automata váltó', 'Adaptív sebességtartó automatika\r\nParkolóasszisztens\r\n360 fokos kamera\r\nAktív sávtartó asszisztens\r\nVakfoltfigyelő\r\nKeresztirányú forgalomfigyelő', 'Hátsó tengelyen elhelyezett villanymotor, 168 lóerővel\r\nElülső tengelyen elhelyezett villanymotor, 72 lóerővel\r\nÖsszesen 240 lóerő és 370 Nm nyomaték', 'Elektromos', 'https://assets.oneweb.mercedes-benz.com/iris/iris.png?COSY-EU-100-1713d0VXqaSFqtyO67PobzIr3eWsrrCsdRRzwQZQ9vZbMw3SGtGyWtsd3YQcUfgFfXGEzG3J0lc4tOB2a81bApHT9I5u861QC3iXOkzNGTNm7j0yZhKVBpN%25vqAI%25yLR5i2Yax4JOroYhfldOjbApPdpI5ug6FQC3AgTkzN5l9m7jdCuhKVvsL%25vqLUcyLRaARYaBEUVmMDZfrE81vVyRxXr1RjiiF2MpwQ1pnIu2fzfXRXPq0Agjeq89iph1p&imgt=P27&bkgnd=9&pov=BE040&uni=cs&im=Crop,rect=(0,0,1450,750),gravity=Center;Resize,width=650');

-- --------------------------------------------------------

--
-- Tábla szerkezet ehhez a táblához `tesla`
--

CREATE TABLE `tesla` (
  `id` int(11) NOT NULL,
  `rendszam` varchar(6) NOT NULL,
  `tipus` varchar(100) NOT NULL,
  `evjarat` int(11) DEFAULT NULL,
  `szin` varchar(30) DEFAULT NULL,
  `biztonság` varchar(255) NOT NULL,
  `ülések` varchar(255) NOT NULL,
  `klima` varchar(255) NOT NULL,
  `audio` varchar(255) NOT NULL,
  `belsofelszereltseg` varchar(500) NOT NULL,
  `valto` varchar(255) NOT NULL,
  `vezetesttamogatorendszerek` varchar(500) NOT NULL,
  `motor` varchar(400) NOT NULL,
  `uzemanyag` varchar(255) NOT NULL,
  `kepek` varchar(200) NOT NULL
) ENGINE=InnoDB DEFAULT CHARSET=utf8 COLLATE=utf8_hungarian_ci;

--
-- A tábla adatainak kiíratása `tesla`
--

INSERT INTO `tesla` (`id`, `rendszam`, `tipus`, `evjarat`, `szin`, `biztonság`, `ülések`, `klima`, `audio`, `belsofelszereltseg`, `valto`, `vezetesttamogatorendszerek`, `motor`, `uzemanyag`, `kepek`) VALUES
(1, 'Rent01', 'Tesla Model S', 2024, 'Fekete', 'Légzsákok elöl és hátul\r\nElektronikus menetstabilizáló program (ESP)\r\nVészfékezés\r\nSávtartó asszisztens\r\nHolttérfigyelő\r\nÜtközésmegelőző rendszer\r\nAutomatikus vészfékezés\r\nAutopilot vezetési asszisztens (opcionális)', 'Kényelmes ülések elöl és hátul, állítható háttámlával és deréktámasztóval\r\nSzámos kárpitozási lehetőség, beleértve a bőrt és a vegán bőrt\r\nFűthető és szellőztethető ülések elöl és hátul\r\nHátul középső ülés lehajtható síkké, további raktérrel (opcionális)', 'Automatikus klímaberendezés\r\nHátsó klímaberendezés alapfelszereltség', 'Prémium hangrendszer 17 hangszóróval\r\nUtastérhangzás (opcionális)', 'Panoráma napfénytető\r\nElektromosan állítható kormányoszlop\r\nFűthető kormánykerék\r\nLED-es belső világítás\r\nHangulatvilágítás\r\n17 hüvelykes érintőképernyő az infotainment rendszerhez\r\nTeljesen digitális műszerfal', 'Egy fokozatú egyenesváltó', 'Autopilot vezetési asszisztens (opcionális)\r\nAdaptív sebességtartó automatika\r\nParkolóasszisztens\r\n360 fokos kamera\r\nVakfoltfigyelő\r\nKeresztirányú forgalomfigyelő', '670 lóerő', 'Elektromos', 'https://digitalassets.tesla.com/tesla-contents/image/upload/f_auto,q_auto/Mega-Menu-Vehicles-Model-S.png'),
(2, 'Rent02', 'Tesla Model 3', 2024, 'Piros', 'Légzsákok elöl és hátul\r\nElektronikus menetstabilizáló program (ESP)\r\nVészfékezés\r\nSávtartó asszisztens\r\nHolttérfigyelő\r\nÜtközésmegelőző rendszer\r\nAutomatikus vészfékezés\r\nAutó pilot vezetési asszisztens (opcionális)\r\n', 'Kényelmes ülések elöl és hátul, állítható háttámlával és deréktámasztóval\r\nSzámos kárpitozási lehetőség, beleértve a bőrt és a vegán bőrt\r\nFűthető és szellőztethető ülések elöl opcionálisan', 'Prémium hangrendszer 14 hangszóróval\r\nUtastérhangzás (opcionális)', 'Panoráma napfénytető\r\nElektromosan állítható kormányoszlop\r\nFűthető kormánykerék\r\nLED-es belső világítás\r\nHangulatvilágítás\r\n15 hüvelykes érintőképernyő az infotainment rendszerhez\r\nTeljesen digitális műszerfal', 'Autopilot vezetési asszisztens (opcionális)\r\nAdaptív sebességtartó automatika\r\nParkolóasszisztens\r\n360 fokos kamera\r\nVakfoltfigyelő\r\nKeresztirányú forgalomfigyelő', 'Egy fokozatú egyenesváltó', 'Adaptív sebességtartó automatika\r\nParkolóasszisztens\r\n360 fokos kamera\r\nAktív sávtartó asszisztens\r\nVakfoltfigyelő\r\nKeresztirányú forgalomfigyelő', '510 lóerő', 'Benzin', 'https://digitalassets.tesla.com/tesla-contents/image/upload/f_auto,q_auto/Mega-Menu-Vehicles-Model-3-Performance-LHD.png'),
(3, 'Rent03', 'Tesla Model X', 2024, 'Fehér', 'Légzsákok elöl és hátul\r\nElektronikus menetstabilizáló program (ESP)\r\nVészfékezés\r\nSávtartó asszisztens\r\nHolttérfigyelő\r\nÜtközésmegelőző rendszer\r\nAutomatikus vészfékezés\r\nAutopilot vezetési asszisztens (opcionális)', 'Kényelmes ülések elöl és hátul, állítható háttámlával és deréktámasztóval\r\nSzámos kárpitozási lehetőség, beleértve a bőrt és a vegán bőrt\r\nFűthető és szellőztethető ülések elöl és hátul\r\nHátul középső ülés lehajtható síkké, további raktérrel (opcionális)', 'Automatikus klímaberendezés\r\nHátsó klímaberendezés opcionálisan', 'Prémium hangrendszer 23 hangszóróval\r\nUtastérhangzás (opcionális)', 'Panoráma napfénytető\r\nElektromosan állítható kormányoszlop\r\nFűthető kormánykerék\r\nLED-es belső világítás\r\nHangulatvilágítás\r\n17 hüvelykes érintőképernyő az infotainment rendszerhez\r\nTeljesen digitális műszerfal', 'Egy fokozatú egyenesváltó', 'Autó pilot vezetési asszisztens (opcionális)\r\nAdaptív sebességtartó automatika\r\nParkolóasszisztens\r\n360 fokos kamera\r\nVakfoltfigyelő\r\nKeresztirányú forgalomfigyelő\r\nAutó pilot parkolás (opcionális)\r\nFSD (Teljes Önkormányzati Vezetés) (opcionális)', '1020 lóerő', 'Elektromos', 'https://digitalassets.tesla.com/tesla-contents/image/upload/f_auto,q_auto/Mega-Menu-Vehicles-Model-X.png'),
(4, 'Rent04', 'Tesla Model Y', 2024, 'Kék', 'Légzsákok elöl és hátul\r\nElektronikus menetstabilizáló program (ESP)\r\nVészfékezés\r\nSávtartó asszisztens\r\nHolttérfigyelő\r\nÜtközésmegelőző rendszer\r\nAutomatikus vészfékezés\r\nAutó pilot vezetési asszisztens (opcionális)', 'Kényelmes ülések elöl és hátul, állítható háttámlával és deréktámasztóval\r\nSzámos kárpitozási lehetőség, beleértve a bőrt és a vegán bőrt\r\nFűthető és szellőztethető ülések elöl és hátul opcionálisan\r\nHátul középső ülés lehajtható síkké, további raktérrel ', 'Négy zónás automatikus klímaberendezés\r\nHátsó klímaberendezés alapfelszereltség', 'Prémium hangrendszer 14 hangszóróval\r\nUtastérhangzás (opcionális)', 'Panoráma napfénytető\r\nElektromosan állítható kormányoszlop\r\nFűthető kormánykerék\r\nLED-es belső világítás\r\nHangulatvilágítás\r\n15 hüvelykes érintőképernyő az infotainment rendszerhez\r\nTeljesen digitális műszerfal', 'Egy fokozatú egyenesváltó', 'Autopilot vezetési asszisztens (opcionális)\r\nAdaptív sebességtartó automatika\r\nParkolóasszisztens\r\n360 fokos kamera\r\nVakfoltfigyelő\r\nKeresztirányú forgalomfigyelő', '534 lóerő', 'Elektromos', 'https://digitalassets.tesla.com/tesla-contents/image/upload/f_auto,q_auto/Mega-Menu-Vehicles-Model-Y.png');

--
-- Indexek a kiírt táblákhoz
--

--
-- A tábla indexei `autok`
--
ALTER TABLE `autok`
  ADD PRIMARY KEY (`id`);

--
-- A tábla indexei `berlok`
--
ALTER TABLE `berlok`
  ADD PRIMARY KEY (`id`),
  ADD UNIQUE KEY `email` (`email`);

--
-- A tábla indexei `kolcsonzes`
--
ALTER TABLE `kolcsonzes`
  ADD PRIMARY KEY (`id`),
  ADD KEY `berloid` (`berloid`),
  ADD KEY `autoid` (`autoid`);

--
-- A kiírt táblák AUTO_INCREMENT értéke
--

--
-- AUTO_INCREMENT a táblához `autok`
--
ALTER TABLE `autok`
  MODIFY `id` int(11) NOT NULL AUTO_INCREMENT, AUTO_INCREMENT=29;

--
-- AUTO_INCREMENT a táblához `berlok`
--
ALTER TABLE `berlok`
  MODIFY `id` int(11) NOT NULL AUTO_INCREMENT, AUTO_INCREMENT=79;

--
-- AUTO_INCREMENT a táblához `kolcsonzes`
--
ALTER TABLE `kolcsonzes`
  MODIFY `id` int(11) NOT NULL AUTO_INCREMENT, AUTO_INCREMENT=22;

--
-- Megkötések a kiírt táblákhoz
--

--
-- Megkötések a táblához `kolcsonzes`
--
ALTER TABLE `kolcsonzes`
  ADD CONSTRAINT `kolcsonzes_ibfk_1` FOREIGN KEY (`autoid`) REFERENCES `autok` (`id`),
  ADD CONSTRAINT `kolcsonzes_ibfk_2` FOREIGN KEY (`berloid`) REFERENCES `berlok` (`id`);
COMMIT;

/*!40101 SET CHARACTER_SET_CLIENT=@OLD_CHARACTER_SET_CLIENT */;
/*!40101 SET CHARACTER_SET_RESULTS=@OLD_CHARACTER_SET_RESULTS */;
/*!40101 SET COLLATION_CONNECTION=@OLD_COLLATION_CONNECTION */;
